اسم الخدمة,RAG_Content,القطاع,خطوات الخدمة,المستندات المطلوبة,سعر الخدمة,رابط الخدمة
إصدار هوية مقيم,"اسم الخدمة: إصدار هوية مقيم
القطاع: الجوازات
الفئة المستهدفة: أعمال (صاحب عمل)
وصف الخدمة: تمكن الخدمة صاحب العمل من إصدار هوية مقيم (إقامة) للعامل الوافد إلكترونياً.
خطوات الخدمة: 1. الدخول إلى منصة أبشر أعمال;2. اختيار خدمات أعمالي;3. اختيار إصدار الإقامة;4. اختيار العامل المطلوب;5. التأكد من البيانات وسداد الرسوم;6. تأكيد الإصدار.",الجوازات,1. الدخول إلى منصة أبشر أعمال;2. اختيار خدمات أعمالي;3. اختيار إصدار الإقامة;4. اختيار العامل المطلوب;5. التأكد من البيانات وسداد الرسوم;6. تأكيد الإصدار.,سداد رسوم الإقامة والخدمات، سداد المخالفات المرورية إن وجدت، اجتياز الفحص الطبي بنجاح، وجود الشخص داخل المملكة.,600 ريال (للعمالة المنزلية)، 650 ريال (للقطاع الخاص),https://my.gov.sa/ar/services/398423
إصدار هوية مقيم,"المستندات المطلوبة: سداد رسوم الإقامة والخدمات، سداد المخالفات المرورية إن وجدت، اجتياز الفحص الطبي بنجاح، وجود الشخص داخل المملكة.
رسوم الخدمة: 600 ريال (للعمالة المنزلية)، 650 ريال (للقطاع الخاص)
الرابط الرسمي: https://my.gov.sa/ar/services/398423",الجوازات,1. الدخول إلى منصة أبشر أعمال;2. اختيار خدمات أعمالي;3. اختيار إصدار الإقامة;4. اختيار العامل المطلوب;5. التأكد من البيانات وسداد الرسوم;6. تأكيد الإصدار.,سداد رسوم الإقامة والخدمات، سداد المخالفات المرورية إن وجدت، اجتياز الفحص الطبي بنجاح، وجود الشخص داخل المملكة.,600 ريال (للعمالة المنزلية)، 650 ريال (للقطاع الخاص),https://my.gov.sa/ar/services/398423
إصدار الإقامة (أبشر أعمال),"اسم الخدمة: إصدار الإقامة (أبشر أعمال)
القطاع: وزارة الداخلية
الفئة المستهدفة: قطاع الأعمال
وصف الخدمة: تتيح لصاحب المنشأة إصدار هوية مقيم لأحد أفراد منشأته إلكترونياً.
خطوات الخدمة: 1. تسجيل الدخول لأبشر أعمال;2. اختيار خدمات أعمالي;3. إصدار الإقامة;4. إدخال البيانات المطلوبة وإتمام الخطوات.
المستندات المطلوبة: توفر بيانات العامل المبلّغ عنها نظاماً، وجود تأمين طبي ساري.
رسوم الخدمة: متغيرة",وزارة الداخلية,1. تسجيل الدخول لأبشر أعمال;2. اختيار خدمات أعمالي;3. إصدار الإقامة;4. إدخال البيانات المطلوبة وإتمام الخطوات.,توفر بيانات العامل المبلّغ عنها نظاماً، وجود تأمين طبي ساري.,متغيرة,https://my.gov.sa/ar/services/487367
إصدار الإقامة (أبشر أعمال),"رسوم الخدمة: متغيرة
الرابط الرسمي: https://my.gov.sa/ar/services/487367",وزارة الداخلية,1. تسجيل الدخول لأبشر أعمال;2. اختيار خدمات أعمالي;3. إصدار الإقامة;4. إدخال البيانات المطلوبة وإتمام الخطوات.,توفر بيانات العامل المبلّغ عنها نظاماً، وجود تأمين طبي ساري.,متغيرة,https://my.gov.sa/ar/services/487367
تجديد الإقامة (أبشر أعمال),"اسم الخدمة: تجديد الإقامة (أبشر أعمال)
القطاع: وزارة الداخلية
الفئة المستهدفة: قطاع الأعمال
وصف الخدمة: تمكن الخدمة صاحب العمل من تجديد هوية مقيم للعاملين لديه إلكترونياً.
خطوات الخدمة: 1. تسجيل الدخول لأبشر أعمال;2. خدمات أعمالي;3. تجديد الإقامة;4. اختيار العامل وتحديد مدة التجديد;5. سداد الرسوم والتأكيد.",وزارة الداخلية,1. تسجيل الدخول لأبشر أعمال;2. خدمات أعمالي;3. تجديد الإقامة;4. اختيار العامل وتحديد مدة التجديد;5. سداد الرسوم والتأكيد.,سداد الرسوم، سداد المخالفات المرورية، وجود تأمين طبي ساري، وجود العامل داخل المملكة.,متغيرة,https://my.gov.sa/ar/services/487325
تجديد الإقامة (أبشر أعمال),"المستندات المطلوبة: سداد الرسوم، سداد المخالفات المرورية، وجود تأمين طبي ساري، وجود العامل داخل المملكة.
رسوم الخدمة: متغيرة
الرابط الرسمي: https://my.gov.sa/ar/services/487325",وزارة الداخلية,1. تسجيل الدخول لأبشر أعمال;2. خدمات أعمالي;3. تجديد الإقامة;4. اختيار العامل وتحديد مدة التجديد;5. سداد الرسوم والتأكيد.,سداد الرسوم، سداد المخالفات المرورية، وجود تأمين طبي ساري، وجود العامل داخل المملكة.,متغيرة,https://my.gov.sa/ar/services/487325
إصدار رخصة السير (للمعارض),"اسم الخدمة: إصدار رخصة السير (للمعارض)
القطاع: المرور
الفئة المستهدفة: قطاع الأعمال (وكلاء ومعارض)
وصف الخدمة: تتيح لمعارض السيارات تسجيل المركبات الجديدة وإصدار رخصة السير للمشترين إلكترونياً.
خطوات الخدمة: 1. الدخول لأبشر أعمال;2. تسجيل مركبة جديدة;3. إدخال بيانات المشتري;4. التحقق من التأمين وسداد الرسوم;5. إصدار الرخصة.",المرور,1. الدخول لأبشر أعمال;2. تسجيل مركبة جديدة;3. إدخال بيانات المشتري;4. التحقق من التأمين وسداد الرسوم;5. إصدار الرخصة.,وجود تأمين ساري، سداد الرسوم المقررة، توفر بطاقة جمركية للمركبة.,متغيرة,https://my.gov.sa/ar/services/343564
إصدار رخصة السير (للمعارض),"المستندات المطلوبة: وجود تأمين ساري، سداد الرسوم المقررة، توفر بطاقة جمركية للمركبة.
رسوم الخدمة: متغيرة
الرابط الرسمي: https://my.gov.sa/ar/services/343564",المرور,1. الدخول لأبشر أعمال;2. تسجيل مركبة جديدة;3. إدخال بيانات المشتري;4. التحقق من التأمين وسداد الرسوم;5. إصدار الرخصة.,وجود تأمين ساري، سداد الرسوم المقررة، توفر بطاقة جمركية للمركبة.,متغيرة,https://my.gov.sa/ar/services/343564
توصيل الوثائق بالبريد,"اسم الخدمة: توصيل الوثائق بالبريد
القطاع: وزارة الداخلية
الفئة المستهدفة: أفراد
وصف الخدمة: طلب توصيل الوثائق الحكومية المصدرة عبر منصة أبشر إلى عنوان المستفيد الوطني.
خطوات الخدمة: 1. تسجيل الدخول لأبشر;2. اختيار توصيل الوثائق بالبريد;3. تحديد الوثيقة المراد توصيلها;4. التأكيد على العنوان وسداد رسوم التوصيل.
المستندات المطلوبة: وجود عنوان وطني مفعل، سداد رسوم الخدمة للبريد السعودي (سبل).",وزارة الداخلية,1. تسجيل الدخول لأبشر;2. اختيار توصيل الوثائق بالبريد;3. تحديد الوثيقة المراد توصيلها;4. التأكيد على العنوان وسداد رسوم التوصيل.,وجود عنوان وطني مفعل، سداد رسوم الخدمة للبريد السعودي (سبل).,رسوم التوصيل (متغيرة),https://my.gov.sa/ar/services/407624
توصيل الوثائق بالبريد,"رسوم الخدمة: رسوم التوصيل (متغيرة)
الرابط الرسمي: https://my.gov.sa/ar/services/407624",وزارة الداخلية,1. تسجيل الدخول لأبشر;2. اختيار توصيل الوثائق بالبريد;3. تحديد الوثيقة المراد توصيلها;4. التأكيد على العنوان وسداد رسوم التوصيل.,وجود عنوان وطني مفعل، سداد رسوم الخدمة للبريد السعودي (سبل).,رسوم التوصيل (متغيرة),https://my.gov.sa/ar/services/407624
إصدار جواز بدل مفقود,"اسم الخدمة: إصدار جواز بدل مفقود
القطاع: الجوازات
الفئة المستهدفة: أفراد (مواطنين)
وصف الخدمة: تمكن المواطن من طلب إصدار جواز سفر سعودي جديد عوضاً عن المفقود إلكترونياً.
خطوات الخدمة: 1. الدخول لأبشر;2. خدمات الجوازات;3. طلب جديد;4. إصدار جواز بدل مفقود;5. سداد الرسوم واختيار طريقة الاستلام.
المستندات المطلوبة: الإبلاغ عن فقدان الجواز مسبقاً، سداد الرسوم، وجود عنوان وطني.",الجوازات,1. الدخول لأبشر;2. خدمات الجوازات;3. طلب جديد;4. إصدار جواز بدل مفقود;5. سداد الرسوم واختيار طريقة الاستلام.,الإبلاغ عن فقدان الجواز مسبقاً، سداد الرسوم، وجود عنوان وطني.,300 ريال (لمدة 5 سنوات)، 600 ريال (لمدة 10 سنوات),https://my.gov.sa/ar/services/343104
إصدار جواز بدل مفقود,"رسوم الخدمة: 300 ريال (لمدة 5 سنوات)، 600 ريال (لمدة 10 سنوات)
الرابط الرسمي: https://my.gov.sa/ar/services/343104",الجوازات,1. الدخول لأبشر;2. خدمات الجوازات;3. طلب جديد;4. إصدار جواز بدل مفقود;5. سداد الرسوم واختيار طريقة الاستلام.,الإبلاغ عن فقدان الجواز مسبقاً، سداد الرسوم، وجود عنوان وطني.,300 ريال (لمدة 5 سنوات)، 600 ريال (لمدة 10 سنوات),https://my.gov.sa/ar/services/343104
تسجيل المواليد,"اسم الخدمة: تسجيل المواليد
القطاع: الأحوال المدنية
الفئة المستهدفة: أفراد
وصف الخدمة: تمكن الوالدين من تسجيل واقعة الميلاد إلكترونياً وطلب توصيل شهادة الميلاد وسجل الأسرة.
خطوات الخدمة: 1. الدخول لأبشر;2. خدمات الأحوال المدنية;3. تسجيل المواليد;4. اختيار المولود;5. تأكيد البيانات وطلب التوصيل.
المستندات المطلوبة: وجود تبليغ ولادة إلكتروني من المستشفى، أن يكون مقدم الطلب الأب أو الأم.",الأحوال المدنية,1. الدخول لأبشر;2. خدمات الأحوال المدنية;3. تسجيل المواليد;4. اختيار المولود;5. تأكيد البيانات وطلب التوصيل.,وجود تبليغ ولادة إلكتروني من المستشفى، أن يكون مقدم الطلب الأب أو الأم.,مجانية (تطبق رسوم التوصيل),https://my.gov.sa/ar/services/112099
تسجيل المواليد,"رسوم الخدمة: مجانية (تطبق رسوم التوصيل)
الرابط الرسمي: https://my.gov.sa/ar/services/112099",الأحوال المدنية,1. الدخول لأبشر;2. خدمات الأحوال المدنية;3. تسجيل المواليد;4. اختيار المولود;5. تأكيد البيانات وطلب التوصيل.,وجود تبليغ ولادة إلكتروني من المستشفى، أن يكون مقدم الطلب الأب أو الأم.,مجانية (تطبق رسوم التوصيل),https://my.gov.sa/ar/services/112099
إصدار تأشيرة خروج وعودة أو نهائي,"اسم الخدمة: إصدار تأشيرة خروج وعودة أو نهائي
القطاع: الجوازات
الفئة المستهدفة: أفراد
وصف الخدمة: إصدار تأشيرات السفر للخارج أو المغادرة النهائية للمكفولين أو أفراد الأسرة.
خطوات الخدمة: 1. الدخول لأبشر;2. خدمات التأشيرات;3. اختيار الشخص المستهدف;4. تحديد نوع التأشيرة والمدة;5. الإصدار والتأكيد.",الجوازات,1. الدخول لأبشر;2. خدمات التأشيرات;3. اختيار الشخص المستهدف;4. تحديد نوع التأشيرة والمدة;5. الإصدار والتأكيد.,سداد الرسوم، سريان مفعول الإقامة والجواز، تواجد الشخص داخل المملكة، عدم وجود مخالفات مرورية.,200 ريال (للخروج والعودة المفردة),https://my.gov.sa/ar/services/269423
إصدار تأشيرة خروج وعودة أو نهائي,"المستندات المطلوبة: سداد الرسوم، سريان مفعول الإقامة والجواز، تواجد الشخص داخل المملكة، عدم وجود مخالفات مرورية.
رسوم الخدمة: 200 ريال (للخروج والعودة المفردة)
الرابط الرسمي: https://my.gov.sa/ar/services/269423",الجوازات,1. الدخول لأبشر;2. خدمات التأشيرات;3. اختيار الشخص المستهدف;4. تحديد نوع التأشيرة والمدة;5. الإصدار والتأكيد.,سداد الرسوم، سريان مفعول الإقامة والجواز، تواجد الشخص داخل المملكة، عدم وجود مخالفات مرورية.,200 ريال (للخروج والعودة المفردة),https://my.gov.sa/ar/services/269423
الاستعلام عن حالة تأشيرة خروج وعودة,"اسم الخدمة: الاستعلام عن حالة تأشيرة خروج وعودة
القطاع: الجوازات
الفئة المستهدفة: أفراد
وصف الخدمة: خدمة استعلامية تتيح معرفة تفاصيل وصلاحية تأشيرة الخروج والعودة.
خطوات الخدمة: 1. الدخول لأبشر;2. قسم العمالة أو أفراد الأسرة;3. استعلامات;4. حالة تأشيرة خروج وعودة;5. إدخال البيانات المطلوبة.
المستندات المطلوبة: توفر رقم الإقامة ورقم رخصة العمل أو رقم الجواز.
رسوم الخدمة: مجانية",الجوازات,1. الدخول لأبشر;2. قسم العمالة أو أفراد الأسرة;3. استعلامات;4. حالة تأشيرة خروج وعودة;5. إدخال البيانات المطلوبة.,توفر رقم الإقامة ورقم رخصة العمل أو رقم الجواز.,مجانية,https://my.gov.sa/ar/services/269448
الاستعلام عن حالة تأشيرة خروج وعودة,"رسوم الخدمة: مجانية
الرابط الرسمي: https://my.gov.sa/ar/services/269448",الجوازات,1. الدخول لأبشر;2. قسم العمالة أو أفراد الأسرة;3. استعلامات;4. حالة تأشيرة خروج وعودة;5. إدخال البيانات المطلوبة.,توفر رقم الإقامة ورقم رخصة العمل أو رقم الجواز.,مجانية,https://my.gov.sa/ar/services/269448
الاعتراض على المخالفات المرورية,"اسم الخدمة: الاعتراض على المخالفات المرورية
القطاع: المرور
الفئة المستهدفة: أفراد
وصف الخدمة: تتيح للمستفيد الاعتراض إلكترونياً على المخالفات المرورية المسجلة ضده.
خطوات الخدمة: 1. الدخول لأبشر;2. خدماتي;3. خدمات المرور;4. الاعتراض على المخالفات المرورية;5. اختيار المخالفة وتقديم الاعتراض.",المرور,1. الدخول لأبشر;2. خدماتي;3. خدمات المرور;4. الاعتراض على المخالفات المرورية;5. اختيار المخالفة وتقديم الاعتراض.,تقديم الاعتراض خلال 30 يوماً من تسجيل المخالفة، ألا يكون قد صدر قرار سابق على نفس المخالفة.,مجانية,https://my.gov.sa/ar/services/266205
الاعتراض على المخالفات المرورية,"المستندات المطلوبة: تقديم الاعتراض خلال 30 يوماً من تسجيل المخالفة، ألا يكون قد صدر قرار سابق على نفس المخالفة.
رسوم الخدمة: مجانية
الرابط الرسمي: https://my.gov.sa/ar/services/266205",المرور,1. الدخول لأبشر;2. خدماتي;3. خدمات المرور;4. الاعتراض على المخالفات المرورية;5. اختيار المخالفة وتقديم الاعتراض.,تقديم الاعتراض خلال 30 يوماً من تسجيل المخالفة، ألا يكون قد صدر قرار سابق على نفس المخالفة.,مجانية,https://my.gov.sa/ar/services/266205
تفويض مركبة,"اسم الخدمة: تفويض مركبة
القطاع: المرور
الفئة المستهدفة: أفراد
وصف الخدمة: تمكن مالك المركبة من إضافة مفوض لقيادة المركبة داخل أو خارج المملكة.
خطوات الخدمة: 1. الدخول لأبشر;2. المركبات;3. إدارة المركبات;4. اختيار المركبة;5. إضافة تفويض واتباع الخطوات.
المستندات المطلوبة: وجود تأمين ساري، سداد الرسوم والمخالفات، تسجيل الطرفين في أبشر.
رسوم الخدمة: مجانية",المرور,1. الدخول لأبشر;2. المركبات;3. إدارة المركبات;4. اختيار المركبة;5. إضافة تفويض واتباع الخطوات.,وجود تأمين ساري، سداد الرسوم والمخالفات، تسجيل الطرفين في أبشر.,مجانية,https://my.gov.sa/ar/services/269504
تفويض مركبة,"رسوم الخدمة: مجانية
الرابط الرسمي: https://my.gov.sa/ar/services/269504",المرور,1. الدخول لأبشر;2. المركبات;3. إدارة المركبات;4. اختيار المركبة;5. إضافة تفويض واتباع الخطوات.,وجود تأمين ساري، سداد الرسوم والمخالفات، تسجيل الطرفين في أبشر.,مجانية,https://my.gov.sa/ar/services/269504
تمديد تأشيرة الزيارة,"اسم الخدمة: تمديد تأشيرة الزيارة
القطاع: الجوازات
الفئة المستهدفة: أفراد (زائرين)
وصف الخدمة: تتيح للمستفيد طلب تمديد تأشيرة الزيارة إلكترونياً قبل انتهائها.
خطوات الخدمة: 1. الدخول لأبشر;2. خدمات أفراد الأسرة أو العمالة;3. تمديد تأشيرة الزيارة;4. إكمال البيانات وسداد الرسوم.",الجوازات,1. الدخول لأبشر;2. خدمات أفراد الأسرة أو العمالة;3. تمديد تأشيرة الزيارة;4. إكمال البيانات وسداد الرسوم.,أن يكون متبقي على انتهاء التأشيرة 7 أيام أو أقل، ألا يكون قد مضى على انتهائها أكثر من 3 أيام، سداد الرسوم.,100 ريال,https://my.gov.sa/ar/services/269236
تمديد تأشيرة الزيارة,"المستندات المطلوبة: أن يكون متبقي على انتهاء التأشيرة 7 أيام أو أقل، ألا يكون قد مضى على انتهائها أكثر من 3 أيام، سداد الرسوم.
رسوم الخدمة: 100 ريال
الرابط الرسمي: https://my.gov.sa/ar/services/269236",الجوازات,1. الدخول لأبشر;2. خدمات أفراد الأسرة أو العمالة;3. تمديد تأشيرة الزيارة;4. إكمال البيانات وسداد الرسوم.,أن يكون متبقي على انتهاء التأشيرة 7 أيام أو أقل، ألا يكون قد مضى على انتهائها أكثر من 3 أيام، سداد الرسوم.,100 ريال,https://my.gov.sa/ar/services/269236
إلغاء تأشيرة الخروج والعودة,"اسم الخدمة: إلغاء تأشيرة الخروج والعودة
القطاع: الجوازات
الفئة المستهدفة: أفراد
وصف الخدمة: تمكن صاحب العمل أو رب الأسرة من إلغاء تأشيرة تم إصدارها سابقاً ولم يتم السفر بها.
خطوات الخدمة: 1. الدخول لأبشر;2. خدمات التأشيرات;3. اختيار الشخص;4. إلغاء التأشيرة;5. التأكيد.
المستندات المطلوبة: أن يتم الإلغاء خلال فترة صلاحية التأشيرة، وجود الشخص داخل المملكة.
رسوم الخدمة: مجانية (لا تسترد رسوم الإصدار)",الجوازات,1. الدخول لأبشر;2. خدمات التأشيرات;3. اختيار الشخص;4. إلغاء التأشيرة;5. التأكيد.,أن يتم الإلغاء خلال فترة صلاحية التأشيرة، وجود الشخص داخل المملكة.,مجانية (لا تسترد رسوم الإصدار),https://my.gov.sa/ar/services/269426
إلغاء تأشيرة الخروج والعودة,"رسوم الخدمة: مجانية (لا تسترد رسوم الإصدار)
الرابط الرسمي: https://my.gov.sa/ar/services/269426",الجوازات,1. الدخول لأبشر;2. خدمات التأشيرات;3. اختيار الشخص;4. إلغاء التأشيرة;5. التأكيد.,أن يتم الإلغاء خلال فترة صلاحية التأشيرة، وجود الشخص داخل المملكة.,مجانية (لا تسترد رسوم الإصدار),https://my.gov.sa/ar/services/269426
إصدار الجواز السعودي,"اسم الخدمة: إصدار الجواز السعودي
القطاع: الجوازات
الفئة المستهدفة: أفراد (مواطنين)
وصف الخدمة: تتيح للمواطن إصدار جواز السفر السعودي لأول مرة أو تجديده إلكترونياً.
خطوات الخدمة: 1. الدخول لأبشر;2. خدماتي;3. الجوازات;4. إصدار الجواز السعودي;5. تحديد المدة وسداد الرسوم وتحديد العنوان.
المستندات المطلوبة: سداد الرسوم، وجود هوية وطنية سارية، وجود بصمة مسجلة، العنوان الوطني.",الجوازات,1. الدخول لأبشر;2. خدماتي;3. الجوازات;4. إصدار الجواز السعودي;5. تحديد المدة وسداد الرسوم وتحديد العنوان.,سداد الرسوم، وجود هوية وطنية سارية، وجود بصمة مسجلة، العنوان الوطني.,300 ريال (5 سنوات)، 600 ريال (10 سنوات),https://my.gov.sa/ar/services/112093
إصدار الجواز السعودي,"رسوم الخدمة: 300 ريال (5 سنوات)، 600 ريال (10 سنوات)
الرابط الرسمي: https://my.gov.sa/ar/services/112093",الجوازات,1. الدخول لأبشر;2. خدماتي;3. الجوازات;4. إصدار الجواز السعودي;5. تحديد المدة وسداد الرسوم وتحديد العنوان.,سداد الرسوم، وجود هوية وطنية سارية، وجود بصمة مسجلة، العنوان الوطني.,300 ريال (5 سنوات)، 600 ريال (10 سنوات),https://my.gov.sa/ar/services/112093
تجديد هوية مقيم (أفراد),"اسم الخدمة: تجديد هوية مقيم (أفراد)
القطاع: الجوازات
الفئة المستهدفة: أفراد
وصف الخدمة: تمكن الفرد من تجديد إقامة أفراد الأسرة أو العمالة المنزلية إلكترونياً.
خطوات الخدمة: 1. الدخول لأبشر;2. خدمات المكفولين أو أفراد الأسرة;3. تجديد الإقامة;4. تحديد المدة والتأكيد.
المستندات المطلوبة: سداد الرسوم، سداد المخالفات، وجود تأمين طبي، تواجد الشخص داخل المملكة.
رسوم الخدمة: 600 ريال (للعمالة المنزلية)",الجوازات,1. الدخول لأبشر;2. خدمات المكفولين أو أفراد الأسرة;3. تجديد الإقامة;4. تحديد المدة والتأكيد.,سداد الرسوم، سداد المخالفات، وجود تأمين طبي، تواجد الشخص داخل المملكة.,600 ريال (للعمالة المنزلية),https://my.gov.sa/ar/services/112096
تجديد هوية مقيم (أفراد),"رسوم الخدمة: 600 ريال (للعمالة المنزلية)
الرابط الرسمي: https://my.gov.sa/ar/services/112096",الجوازات,1. الدخول لأبشر;2. خدمات المكفولين أو أفراد الأسرة;3. تجديد الإقامة;4. تحديد المدة والتأكيد.,سداد الرسوم، سداد المخالفات، وجود تأمين طبي، تواجد الشخص داخل المملكة.,600 ريال (للعمالة المنزلية),https://my.gov.sa/ar/services/112096
الإبلاغ عن فقدان الجواز السعودي لأفراد الأسرة,"اسم الخدمة: الإبلاغ عن فقدان الجواز السعودي لأفراد الأسرة
القطاع: الجوازات
الفئة المستهدفة: أفراد (مواطنين)
وصف الخدمة: تمكن رب الأسرة من الإبلاغ إلكترونياً عن فقدان أو سرقة جواز سفر أحد أفراد أسرته.
خطوات الخدمة: 1. الدخول لأبشر;2. خدماتي ثم الجوازات;3. الإبلاغ عن فقدان الجواز;4. اختيار فرد الأسرة وتحديد نوع البلاغ;5. تأكيد الطلب.",الجوازات,1. الدخول لأبشر;2. خدماتي ثم الجوازات;3. الإبلاغ عن فقدان الجواز;4. اختيار فرد الأسرة وتحديد نوع البلاغ;5. تأكيد الطلب.,تعبئة تفاصيل البلاغ بدقة، أن يكون المبلغ هو رب الأسرة المسجل نظاماً.,مجانية,https://my.gov.sa/ar/services/143484
الإبلاغ عن فقدان الجواز السعودي لأفراد الأسرة,"المستندات المطلوبة: تعبئة تفاصيل البلاغ بدقة، أن يكون المبلغ هو رب الأسرة المسجل نظاماً.
رسوم الخدمة: مجانية
الرابط الرسمي: https://my.gov.sa/ar/services/143484",الجوازات,1. الدخول لأبشر;2. خدماتي ثم الجوازات;3. الإبلاغ عن فقدان الجواز;4. اختيار فرد الأسرة وتحديد نوع البلاغ;5. تأكيد الطلب.,تعبئة تفاصيل البلاغ بدقة، أن يكون المبلغ هو رب الأسرة المسجل نظاماً.,مجانية,https://my.gov.sa/ar/services/143484
إصدار رخصة قيادة (مواعيد),"اسم الخدمة: إصدار رخصة قيادة (مواعيد)
القطاع: المرور
الفئة المستهدفة: أفراد
وصف الخدمة: تتيح حجز موعد في مدارس تعليم القيادة المعتمدة لإجراء التدريب والاختبارات.
خطوات الخدمة: 1. الدخول لأبشر;2. مواعيد ثم المرور;3. حجز موعد جديد;4. اختيار خدمة التدريب في مدارس القيادة;5. تحديد المدرسة والوقت والتأكيد.
المستندات المطلوبة: توفر حساب أبشر، الالتزام بالموعد المحدد في المدرسة المختارة.",المرور,1. الدخول لأبشر;2. مواعيد ثم المرور;3. حجز موعد جديد;4. اختيار خدمة التدريب في مدارس القيادة;5. تحديد المدرسة والوقت والتأكيد.,توفر حساب أبشر، الالتزام بالموعد المحدد في المدرسة المختارة.,مجانية (للحجز),https://my.gov.sa/ar/services/112124
إصدار رخصة قيادة (مواعيد),"رسوم الخدمة: مجانية (للحجز)
الرابط الرسمي: https://my.gov.sa/ar/services/112124",المرور,1. الدخول لأبشر;2. مواعيد ثم المرور;3. حجز موعد جديد;4. اختيار خدمة التدريب في مدارس القيادة;5. تحديد المدرسة والوقت والتأكيد.,توفر حساب أبشر، الالتزام بالموعد المحدد في المدرسة المختارة.,مجانية (للحجز),https://my.gov.sa/ar/services/112124
مبايعة المركبات,"اسم الخدمة: مبايعة المركبات
القطاع: المرور
الفئة المستهدفة: أفراد
وصف الخدمة: إتمام إجراءات بيع ونقل ملكية المركبة إلكترونياً بين البائع والمشتري بشكل آمن.
خطوات الخدمة: 1. دخول البائع لأبشر وتحديد المركبة والسعر;2. إدخال بيانات المشتري والحساب البنكي;3. قبول المشتري للطلب وتحويل المبلغ لحساب وسيط;4. سداد الرسوم والتأكيد.",المرور,1. دخول البائع لأبشر وتحديد المركبة والسعر;2. إدخال بيانات المشتري والحساب البنكي;3. قبول المشتري للطلب وتحويل المبلغ لحساب وسيط;4. سداد الرسوم والتأكيد.,"فحص دوري ساري، تأمين ساري، عدم وجود مخالفات، السعر بين 500 و1,000,000 ريال.",380 ريال,https://my.gov.sa/ar/services/112114
مبايعة المركبات,"المستندات المطلوبة: فحص دوري ساري، تأمين ساري، عدم وجود مخالفات، السعر بين 500 و1,000,000 ريال.
رسوم الخدمة: 380 ريال
الرابط الرسمي: https://my.gov.sa/ar/services/112114",المرور,1. دخول البائع لأبشر وتحديد المركبة والسعر;2. إدخال بيانات المشتري والحساب البنكي;3. قبول المشتري للطلب وتحويل المبلغ لحساب وسيط;4. سداد الرسوم والتأكيد.,"فحص دوري ساري، تأمين ساري، عدم وجود مخالفات، السعر بين 500 و1,000,000 ريال.",380 ريال,https://my.gov.sa/ar/services/112114
تجديد رخصة القيادة,"اسم الخدمة: تجديد رخصة القيادة
القطاع: المرور
الفئة المستهدفة: أفراد
وصف الخدمة: تجديد رخصة القيادة الخاصة أو رخصة الدراجة النارية إلكترونياً وتوصيلها للعنوان.
خطوات الخدمة: 1. الدخول لأبشر;2. خدماتي ثم المرور;3. تجديد رخصة القيادة;4. اختيار نوع الرخصة والمدة;5. سداد الرسوم واختيار عنوان التوصيل.",المرور,1. الدخول لأبشر;2. خدماتي ثم المرور;3. تجديد رخصة القيادة;4. اختيار نوع الرخصة والمدة;5. سداد الرسوم واختيار عنوان التوصيل.,إجراء الفحص الطبي في مركز معتمد، سداد الرسوم والمخالفات، بقاء أقل من 180 يوماً على الانتهاء.,متغيرة (حسب عدد السنوات),https://my.gov.sa/ar/services/99736
تجديد رخصة القيادة,"المستندات المطلوبة: إجراء الفحص الطبي في مركز معتمد، سداد الرسوم والمخالفات، بقاء أقل من 180 يوماً على الانتهاء.
رسوم الخدمة: متغيرة (حسب عدد السنوات)
الرابط الرسمي: https://my.gov.sa/ar/services/99736",المرور,1. الدخول لأبشر;2. خدماتي ثم المرور;3. تجديد رخصة القيادة;4. اختيار نوع الرخصة والمدة;5. سداد الرسوم واختيار عنوان التوصيل.,إجراء الفحص الطبي في مركز معتمد، سداد الرسوم والمخالفات، بقاء أقل من 180 يوماً على الانتهاء.,متغيرة (حسب عدد السنوات),https://my.gov.sa/ar/services/99736
تجديد رخصة سير (استمارة),"اسم الخدمة: تجديد رخصة سير (استمارة)
القطاع: المرور
الفئة المستهدفة: أفراد
وصف الخدمة: تمكن مالك المركبة من تجديد استمارة السيارة إلكترونياً دون الحاجة لزيارة فروع المرور.
خطوات الخدمة: 1. الدخول لأبشر;2. المركبات ثم إدارة المركبات;3. اختيار المركبة;4. اختيار تجديد رخصة سير;5. تأكيد التجديد.
المستندات المطلوبة: وجود فحص دوري ساري، تأمين ساري، سداد رسوم التجديد والمخالفات.",المرور,1. الدخول لأبشر;2. المركبات ثم إدارة المركبات;3. اختيار المركبة;4. اختيار تجديد رخصة سير;5. تأكيد التجديد.,وجود فحص دوري ساري، تأمين ساري، سداد رسوم التجديد والمخالفات.,متغيرة (حسب نوع المركبة),https://my.gov.sa/ar/services/112111
تجديد رخصة سير (استمارة),"رسوم الخدمة: متغيرة (حسب نوع المركبة)
الرابط الرسمي: https://my.gov.sa/ar/services/112111",المرور,1. الدخول لأبشر;2. المركبات ثم إدارة المركبات;3. اختيار المركبة;4. اختيار تجديد رخصة سير;5. تأكيد التجديد.,وجود فحص دوري ساري، تأمين ساري، سداد رسوم التجديد والمخالفات.,متغيرة (حسب نوع المركبة),https://my.gov.sa/ar/services/112111
تجديد الهوية الوطنية,"اسم الخدمة: تجديد الهوية الوطنية
القطاع: الأحوال المدنية
الفئة المستهدفة: أفراد (مواطنين)
وصف الخدمة: تجديد بطاقة الهوية الوطنية إلكترونياً باستخدام تقنيات التعرف على الوجه وتوصيلها للمنزل.
خطوات الخدمة: 1. الدخول لأبشر;2. خدماتي ثم الأحوال المدنية;3. تجديد الهوية الوطنية;4. رفع صورة شخصية مطابقة للمواصفات;5. سداد أجور التوصيل.",الأحوال المدنية,1. الدخول لأبشر;2. خدماتي ثم الأحوال المدنية;3. تجديد الهوية الوطنية;4. رفع صورة شخصية مطابقة للمواصفات;5. سداد أجور التوصيل.,مطابقة الصورة للشروط، بقاء أقل من 180 يوماً على الانتهاء، وجود عنوان وطني.,مجانية (تطبق رسوم التوصيل),https://my.gov.sa/ar/services/143495
تجديد الهوية الوطنية,"المستندات المطلوبة: مطابقة الصورة للشروط، بقاء أقل من 180 يوماً على الانتهاء، وجود عنوان وطني.
رسوم الخدمة: مجانية (تطبق رسوم التوصيل)
الرابط الرسمي: https://my.gov.sa/ar/services/143495",الأحوال المدنية,1. الدخول لأبشر;2. خدماتي ثم الأحوال المدنية;3. تجديد الهوية الوطنية;4. رفع صورة شخصية مطابقة للمواصفات;5. سداد أجور التوصيل.,مطابقة الصورة للشروط، بقاء أقل من 180 يوماً على الانتهاء، وجود عنوان وطني.,مجانية (تطبق رسوم التوصيل),https://my.gov.sa/ar/services/143495
إسقاط المركبات المهملة,"اسم الخدمة: إسقاط المركبات المهملة
القطاع: المرور
الفئة المستهدفة: أفراد
وصف الخدمة: تتيح للمستفيدين إسقاط المركبات القديمة أو التالفة من سجلاتهم عبر التوجه للمراكز المعتمدة.
خطوات الخدمة: 1. الاستعلام عن المراكز المعتمدة في أبشر;2. تسليم المركبة واللوحات للمركز;3. إعطاء رمز التحقق للمركز لإتمام الإسقاط.
المستندات المطلوبة: تسليم المركبة لمركز معتمد، عدم وجود مخالفات مرورية على المركبة.",المرور,1. الاستعلام عن المراكز المعتمدة في أبشر;2. تسليم المركبة واللوحات للمركز;3. إعطاء رمز التحقق للمركز لإتمام الإسقاط.,تسليم المركبة لمركز معتمد، عدم وجود مخالفات مرورية على المركبة.,مجانية (خلال الفترة التصحيحية),https://my.gov.sa/ar/services/99752
إسقاط المركبات المهملة,"رسوم الخدمة: مجانية (خلال الفترة التصحيحية)
الرابط الرسمي: https://my.gov.sa/ar/services/99752",المرور,1. الاستعلام عن المراكز المعتمدة في أبشر;2. تسليم المركبة واللوحات للمركز;3. إعطاء رمز التحقق للمركز لإتمام الإسقاط.,تسليم المركبة لمركز معتمد، عدم وجود مخالفات مرورية على المركبة.,مجانية (خلال الفترة التصحيحية),https://my.gov.sa/ar/services/99752
إصدار شهادة وفاة,"اسم الخدمة: إصدار شهادة وفاة
القطاع: الأحوال المدنية
الفئة المستهدفة: أفراد
وصف الخدمة: تسجيل واقعة الوفاة وإصدار الشهادة إلكترونياً بناءً على بلاغ المستشفى.
خطوات الخدمة: 1. الدخول لأبشر;2. خدمات الأحوال المدنية;3. شهادة الوفاة;4. استعراض بلاغات الوفاة المسجلة;5. تأكيد الإصدار والطباعة.
المستندات المطلوبة: وجود بلاغ وفاة إلكتروني من المستشفى، أن يكون مقدم الطلب قريباً من الدرجة الأولى.",الأحوال المدنية,1. الدخول لأبشر;2. خدمات الأحوال المدنية;3. شهادة الوفاة;4. استعراض بلاغات الوفاة المسجلة;5. تأكيد الإصدار والطباعة.,وجود بلاغ وفاة إلكتروني من المستشفى، أن يكون مقدم الطلب قريباً من الدرجة الأولى.,مجانية,https://my.gov.sa/ar/services/152960
إصدار شهادة وفاة,"رسوم الخدمة: مجانية
الرابط الرسمي: https://my.gov.sa/ar/services/152960",الأحوال المدنية,1. الدخول لأبشر;2. خدمات الأحوال المدنية;3. شهادة الوفاة;4. استعراض بلاغات الوفاة المسجلة;5. تأكيد الإصدار والطباعة.,وجود بلاغ وفاة إلكتروني من المستشفى، أن يكون مقدم الطلب قريباً من الدرجة الأولى.,مجانية,https://my.gov.sa/ar/services/152960
إصدار سجل الأسرة (للآباء),"اسم الخدمة: إصدار سجل الأسرة (للآباء)
القطاع: الأحوال المدنية
الفئة المستهدفة: أفراد (مواطنين)
وصف الخدمة: إصدار كرت العائلة (سجل الأسرة) للآباء حديثي الزواج أو عند إضافة تابعين.
خطوات الخدمة: 1. الدخول لأبشر;2. خدمات الأحوال المدنية;3. إصدار سجل الأسرة;4. التأكد من البيانات وطلب التوصيل.
المستندات المطلوبة: أن تكون الحالة الاجتماعية محدثة، وجود عنوان وطني مفعل.",الأحوال المدنية,1. الدخول لأبشر;2. خدمات الأحوال المدنية;3. إصدار سجل الأسرة;4. التأكد من البيانات وطلب التوصيل.,أن تكون الحالة الاجتماعية محدثة، وجود عنوان وطني مفعل.,مجانية (تطبق رسوم التوصيل),https://my.gov.sa/ar/services/112102
إصدار سجل الأسرة (للآباء),"رسوم الخدمة: مجانية (تطبق رسوم التوصيل)
الرابط الرسمي: https://my.gov.sa/ar/services/112102",الأحوال المدنية,1. الدخول لأبشر;2. خدمات الأحوال المدنية;3. إصدار سجل الأسرة;4. التأكد من البيانات وطلب التوصيل.,أن تكون الحالة الاجتماعية محدثة، وجود عنوان وطني مفعل.,مجانية (تطبق رسوم التوصيل),https://my.gov.sa/ar/services/112102
شهادة خلو سوابق,"اسم الخدمة: شهادة خلو سوابق
القطاع: الأمن العام
الفئة المستهدفة: أفراد
وصف الخدمة: إصدار صحيفة الحالة الجنائية (خلو السوابق) إلكترونياً وتقديمها للجهات المعنية.
خطوات الخدمة: 1. الدخول لأبشر;2. الخدمات العامة;3. تقارير أبشر;4. طلب شهادة خلو سوابق;5. سداد الرسوم واستعراض الشهادة.
المستندات المطلوبة: وجود بصمة مسجلة في النظام، سداد المقابل المالي للتقرير.
رسوم الخدمة: متغيرة",الأمن العام,1. الدخول لأبشر;2. الخدمات العامة;3. تقارير أبشر;4. طلب شهادة خلو سوابق;5. سداد الرسوم واستعراض الشهادة.,وجود بصمة مسجلة في النظام، سداد المقابل المالي للتقرير.,متغيرة,https://my.gov.sa/ar/services/112121
شهادة خلو سوابق,"رسوم الخدمة: متغيرة
الرابط الرسمي: https://my.gov.sa/ar/services/112121",الأمن العام,1. الدخول لأبشر;2. الخدمات العامة;3. تقارير أبشر;4. طلب شهادة خلو سوابق;5. سداد الرسوم واستعراض الشهادة.,وجود بصمة مسجلة في النظام، سداد المقابل المالي للتقرير.,متغيرة,https://my.gov.sa/ar/services/112121
الإبلاغ عن فقدان الوثائق,"اسم الخدمة: الإبلاغ عن فقدان الوثائق
القطاع: الأحوال المدنية
الفئة المستهدفة: أفراد
وصف الخدمة: تمكن المستفيد من الإبلاغ عن فقدان الهوية الوطنية، سجل الأسرة، أو شهادة الميلاد.
خطوات الخدمة: 1. الدخول لأبشر;2. خدمات الأحوال المدنية;3. الإبلاغ عن وثيقة مفقودة;4. اختيار الوثيقة وتأكيد البلاغ.
المستندات المطلوبة: الإقرار بصحة البلاغ، ملاحظة أنه لا يمكن إلغاء البلاغ بعد تأكيده.
رسوم الخدمة: مجانية",الأحوال المدنية,1. الدخول لأبشر;2. خدمات الأحوال المدنية;3. الإبلاغ عن وثيقة مفقودة;4. اختيار الوثيقة وتأكيد البلاغ.,الإقرار بصحة البلاغ، ملاحظة أنه لا يمكن إلغاء البلاغ بعد تأكيده.,مجانية,https://my.gov.sa/ar/services/118586
الإبلاغ عن فقدان الوثائق,"رسوم الخدمة: مجانية
الرابط الرسمي: https://my.gov.sa/ar/services/118586",الأحوال المدنية,1. الدخول لأبشر;2. خدمات الأحوال المدنية;3. الإبلاغ عن وثيقة مفقودة;4. اختيار الوثيقة وتأكيد البلاغ.,الإقرار بصحة البلاغ، ملاحظة أنه لا يمكن إلغاء البلاغ بعد تأكيده.,مجانية,https://my.gov.sa/ar/services/118586
تواصل (خدمات الجوازات),"اسم الخدمة: تواصل (خدمات الجوازات)
القطاع: الجوازات
الفئة المستهدفة: أفراد
وصف الخدمة: تمكن المستفيد من رفع الطلبات والملاحظات التي لا يمكن تنفيذها إلكترونياً لقطاع الجوازات.
خطوات الخدمة: 1. الدخول لأبشر;2. خدماتي ثم الجوازات;3. خدمة تواصل;4. تقديم طلب جديد;5. وصف الحالة وإرفاق المستندات.
المستندات المطلوبة: شرح المشكلة بوضوح، إرفاق الوثائق الداعمة للطلب بصيغة مناسبة.
رسوم الخدمة: مجانية",الجوازات,1. الدخول لأبشر;2. خدماتي ثم الجوازات;3. خدمة تواصل;4. تقديم طلب جديد;5. وصف الحالة وإرفاق المستندات.,شرح المشكلة بوضوح، إرفاق الوثائق الداعمة للطلب بصيغة مناسبة.,مجانية,https://my.gov.sa/ar/services/112090
تواصل (خدمات الجوازات),"رسوم الخدمة: مجانية
الرابط الرسمي: https://my.gov.sa/ar/services/112090",الجوازات,1. الدخول لأبشر;2. خدماتي ثم الجوازات;3. خدمة تواصل;4. تقديم طلب جديد;5. وصف الحالة وإرفاق المستندات.,شرح المشكلة بوضوح، إرفاق الوثائق الداعمة للطلب بصيغة مناسبة.,مجانية,https://my.gov.sa/ar/services/112090
إصدار هوية لأفراد الأسرة,"اسم الخدمة: إصدار هوية لأفراد الأسرة
القطاع: الأحوال المدنية
الفئة المستهدفة: أفراد (مواطنين)
وصف الخدمة: طلب إصدار بطاقة الهوية الوطنية لأول مرة للأبناء الذين بلغوا السن القانوني.
خطوات الخدمة: 1. الدخول لأبشر;2. خدمات الأحوال المدنية;3. حجز موعد إصدار هوية لأول مرة;4. التوجه للفرع مع المتطلبات.",الأحوال المدنية,1. الدخول لأبشر;2. خدمات الأحوال المدنية;3. حجز موعد إصدار هوية لأول مرة;4. التوجه للفرع مع المتطلبات.,بلوغ السن القانوني (15 سنة إلزامي، 10-15 اختياري)، حضور ولي الأمر، إحضار شهادة الميلاد.,مجانية,https://my.gov.sa/ar/services/112105
إصدار هوية لأفراد الأسرة,"المستندات المطلوبة: بلوغ السن القانوني (15 سنة إلزامي، 10-15 اختياري)، حضور ولي الأمر، إحضار شهادة الميلاد.
رسوم الخدمة: مجانية
الرابط الرسمي: https://my.gov.sa/ar/services/112105",الأحوال المدنية,1. الدخول لأبشر;2. خدمات الأحوال المدنية;3. حجز موعد إصدار هوية لأول مرة;4. التوجه للفرع مع المتطلبات.,بلوغ السن القانوني (15 سنة إلزامي، 10-15 اختياري)، حضور ولي الأمر، إحضار شهادة الميلاد.,مجانية,https://my.gov.sa/ar/services/112105
تصريح دخول مكة (العمالة المنزلية),"اسم الخدمة: تصريح دخول مكة (العمالة المنزلية)
القطاع: الجوازات
الفئة المستهدفة: أفراد (أصحاب عمل)
وصف الخدمة: إصدار تصاريح دخول العاصمة المقدسة للعمالة المنزلية خلال موسم الحج إلكترونياً.
خطوات الخدمة: 1. الدخول لأبشر أفراد;2. خدمات العمالة;3. تصريح دخول مكة;4. إنشاء طلب تصريح وتأكيد البيانات.",الجوازات,1. الدخول لأبشر أفراد;2. خدمات العمالة;3. تصريح دخول مكة;4. إنشاء طلب تصريح وتأكيد البيانات.,وجود العامل داخل المملكة، سريان الإقامة، أن يكون الطلب خلال الفترة الزمنية المحددة للحج.,مجانية,https://my.gov.sa/ar/services/538491
تصريح دخول مكة (العمالة المنزلية),"المستندات المطلوبة: وجود العامل داخل المملكة، سريان الإقامة، أن يكون الطلب خلال الفترة الزمنية المحددة للحج.
رسوم الخدمة: مجانية
الرابط الرسمي: https://my.gov.sa/ar/services/538491",الجوازات,1. الدخول لأبشر أفراد;2. خدمات العمالة;3. تصريح دخول مكة;4. إنشاء طلب تصريح وتأكيد البيانات.,وجود العامل داخل المملكة، سريان الإقامة، أن يكون الطلب خلال الفترة الزمنية المحددة للحج.,مجانية,https://my.gov.sa/ar/services/538491
تجديد تصريح دخول مكة,"اسم الخدمة: تجديد تصريح دخول مكة
القطاع: وزارة الداخلية
الفئة المستهدفة: أفراد وأعمال
وصف الخدمة: تجديد تصاريح الدخول للعاصمة المقدسة الصادرة سابقاً خلال موسم الحج.
خطوات الخدمة: 1. الدخول للمنصة (أبشر);2. استعراض التصاريح الحالية;3. اختيار تجديد التصريح;4. التأكيد.
المستندات المطلوبة: وجود تصريح سابق قابل للتجديد، بقاء المستفيد ضمن الفئة المصرح لها.
رسوم الخدمة: مجانية",وزارة الداخلية,1. الدخول للمنصة (أبشر);2. استعراض التصاريح الحالية;3. اختيار تجديد التصريح;4. التأكيد.,وجود تصريح سابق قابل للتجديد، بقاء المستفيد ضمن الفئة المصرح لها.,مجانية,https://my.gov.sa/ar/services/538488
تجديد تصريح دخول مكة,"رسوم الخدمة: مجانية
الرابط الرسمي: https://my.gov.sa/ar/services/538488",وزارة الداخلية,1. الدخول للمنصة (أبشر);2. استعراض التصاريح الحالية;3. اختيار تجديد التصريح;4. التأكيد.,وجود تصريح سابق قابل للتجديد، بقاء المستفيد ضمن الفئة المصرح لها.,مجانية,https://my.gov.sa/ar/services/538488
طلب لوحة بشعار,"اسم الخدمة: طلب لوحة بشعار
القطاع: المرور
الفئة المستهدفة: أفراد
وصف الخدمة: تمكن مالك المركبة من طلب استبدال لوحة المركبة بلوحة تحمل شعاراً وطنياً مميزاً (رؤية 2030).
خطوات الخدمة: 1. الدخول لأبشر;2. المركبات ثم إدارة المركبات;3. اختيار المركبة;4. طلب لوحات بشعار;5. سداد الرسوم وتحديد العنوان.
المستندات المطلوبة: وجود مركبة مسجلة، سداد الرسوم المقررة للوحة، عدم وجود مخالفات تمنع الخدمة.",المرور,1. الدخول لأبشر;2. المركبات ثم إدارة المركبات;3. اختيار المركبة;4. طلب لوحات بشعار;5. سداد الرسوم وتحديد العنوان.,وجود مركبة مسجلة، سداد الرسوم المقررة للوحة، عدم وجود مخالفات تمنع الخدمة.,800 ريال,https://my.gov.sa/ar/services/538457
طلب لوحة بشعار,"رسوم الخدمة: 800 ريال
الرابط الرسمي: https://my.gov.sa/ar/services/538457",المرور,1. الدخول لأبشر;2. المركبات ثم إدارة المركبات;3. اختيار المركبة;4. طلب لوحات بشعار;5. سداد الرسوم وتحديد العنوان.,وجود مركبة مسجلة، سداد الرسوم المقررة للوحة، عدم وجود مخالفات تمنع الخدمة.,800 ريال,https://my.gov.sa/ar/services/538457
استبدال لوحات المركبة,"اسم الخدمة: استبدال لوحات المركبة
القطاع: المرور
الفئة المستهدفة: أفراد
وصف الخدمة: تغيير لوحات المركبة الحالية بلوحات جديدة (طويلة أو قصيرة) أو تغيير المقاسات.
خطوات الخدمة: 1. الدخول لأبشر;2. اختيار المركبة المعنية;3. اختيار استبدال اللوحات;4. تحديد النوع وسداد الرسوم.
المستندات المطلوبة: ملكية المركبة، سداد الرسوم المرورية، تسليم اللوحات القديمة عند استلام الجديدة.
رسوم الخدمة: 100 ريال",المرور,1. الدخول لأبشر;2. اختيار المركبة المعنية;3. اختيار استبدال اللوحات;4. تحديد النوع وسداد الرسوم.,ملكية المركبة، سداد الرسوم المرورية، تسليم اللوحات القديمة عند استلام الجديدة.,100 ريال,https://my.gov.sa/ar/services/538460
استبدال لوحات المركبة,"رسوم الخدمة: 100 ريال
الرابط الرسمي: https://my.gov.sa/ar/services/538460",المرور,1. الدخول لأبشر;2. اختيار المركبة المعنية;3. اختيار استبدال اللوحات;4. تحديد النوع وسداد الرسوم.,ملكية المركبة، سداد الرسوم المرورية، تسليم اللوحات القديمة عند استلام الجديدة.,100 ريال,https://my.gov.sa/ar/services/538460
الاعتراض على مخالفات دخول مكة,"اسم الخدمة: الاعتراض على مخالفات دخول مكة
القطاع: المرور
الفئة المستهدفة: أفراد
وصف الخدمة: تمكن المستفيد من الاعتراض على المخالفات المرورية المسجلة بسبب دخول مكة بدون تصريح خلال الحج.
خطوات الخدمة: 1. الدخول لأبشر;2. خدمات المرور;3. الاعتراض على المخالفات;4. اختيار مخالفة منع الدخول وتقديم التبرير.
المستندات المطلوبة: تقديم الاعتراض خلال المدة النظامية، إرفاق ما يثبت نظامية الدخول إن وجد.",المرور,1. الدخول لأبشر;2. خدمات المرور;3. الاعتراض على المخالفات;4. اختيار مخالفة منع الدخول وتقديم التبرير.,تقديم الاعتراض خلال المدة النظامية، إرفاق ما يثبت نظامية الدخول إن وجد.,مجانية,https://my.gov.sa/ar/services/538494
الاعتراض على مخالفات دخول مكة,"رسوم الخدمة: مجانية
الرابط الرسمي: https://my.gov.sa/ar/services/538494",المرور,1. الدخول لأبشر;2. خدمات المرور;3. الاعتراض على المخالفات;4. اختيار مخالفة منع الدخول وتقديم التبرير.,تقديم الاعتراض خلال المدة النظامية، إرفاق ما يثبت نظامية الدخول إن وجد.,مجانية,https://my.gov.sa/ar/services/538494
طلب لوحة بدل تالف أو مفقود,"اسم الخدمة: طلب لوحة بدل تالف أو مفقود
القطاع: المرور
الفئة المستهدفة: أفراد
وصف الخدمة: إصدار لوحات جديدة للمركبة في حال تعرض اللوحات الحالية للتلف أو الفقدان.
خطوات الخدمة: 1. الدخول لأبشر;2. إدارة المركبات;3. اختيار المركبة;4. طلب لوحة بدل تالف/مفقود;5. سداد الرسوم وتحديد الاستلام.
المستندات المطلوبة: الإبلاغ عن الفقدان (في حال الفقدان)، سداد الرسوم، وجود فحص وتأمين ساري.
رسوم الخدمة: 100 ريال",المرور,1. الدخول لأبشر;2. إدارة المركبات;3. اختيار المركبة;4. طلب لوحة بدل تالف/مفقود;5. سداد الرسوم وتحديد الاستلام.,الإبلاغ عن الفقدان (في حال الفقدان)، سداد الرسوم، وجود فحص وتأمين ساري.,100 ريال,https://my.gov.sa/ar/services/538463
طلب لوحة بدل تالف أو مفقود,"رسوم الخدمة: 100 ريال
الرابط الرسمي: https://my.gov.sa/ar/services/538463",المرور,1. الدخول لأبشر;2. إدارة المركبات;3. اختيار المركبة;4. طلب لوحة بدل تالف/مفقود;5. سداد الرسوم وتحديد الاستلام.,الإبلاغ عن الفقدان (في حال الفقدان)، سداد الرسوم، وجود فحص وتأمين ساري.,100 ريال,https://my.gov.sa/ar/services/538463
استطلاع الرأي (أبشر),"اسم الخدمة: استطلاع الرأي (أبشر)
القطاع: وزارة الداخلية
الفئة المستهدفة: أفراد
وصف الخدمة: خدمة تتيح للمستخدمين المشاركة في تقييم الخدمات الإلكترونية وتقديم المقترحات لتحسينها.
خطوات الخدمة: 1. الدخول لأبشر;2. الانتقال لخدمة استطلاع الرأي;3. اختيار الاستبيان المتاح;4. تعبئة البيانات والإرسال.
المستندات المطلوبة: توفر حساب مفعل في أبشر.
رسوم الخدمة: مجانية",وزارة الداخلية,1. الدخول لأبشر;2. الانتقال لخدمة استطلاع الرأي;3. اختيار الاستبيان المتاح;4. تعبئة البيانات والإرسال.,توفر حساب مفعل في أبشر.,مجانية,https://my.gov.sa/ar/services/538436
استطلاع الرأي (أبشر),"رسوم الخدمة: مجانية
الرابط الرسمي: https://my.gov.sa/ar/services/538436",وزارة الداخلية,1. الدخول لأبشر;2. الانتقال لخدمة استطلاع الرأي;3. اختيار الاستبيان المتاح;4. تعبئة البيانات والإرسال.,توفر حساب مفعل في أبشر.,مجانية,https://my.gov.sa/ar/services/538436
تحديث العنوان الوطني,"اسم الخدمة: تحديث العنوان الوطني
القطاع: وزارة الداخلية
الفئة المستهدفة: أفراد
وصف الخدمة: تمكن المستفيد من تحديث بيانات موقعه الجغرافي المسجل كعنوان وطني في سجلات وزارة الداخلية.
خطوات الخدمة: 1. الدخول لأبشر;2. الملف الشخصي أو الخدمات العامة;3. تحديث العنوان الوطني;4. ربط البيانات مع البريد السعودي.
المستندات المطلوبة: وجود عنوان مسجل مسبقاً في سبل (البريد السعودي).
رسوم الخدمة: مجانية",وزارة الداخلية,1. الدخول لأبشر;2. الملف الشخصي أو الخدمات العامة;3. تحديث العنوان الوطني;4. ربط البيانات مع البريد السعودي.,وجود عنوان مسجل مسبقاً في سبل (البريد السعودي).,مجانية,https://my.gov.sa/ar/services/538439
تحديث العنوان الوطني,"رسوم الخدمة: مجانية
الرابط الرسمي: https://my.gov.sa/ar/services/538439",وزارة الداخلية,1. الدخول لأبشر;2. الملف الشخصي أو الخدمات العامة;3. تحديث العنوان الوطني;4. ربط البيانات مع البريد السعودي.,وجود عنوان مسجل مسبقاً في سبل (البريد السعودي).,مجانية,https://my.gov.sa/ar/services/538439
الاستعلام عن رقم الحدود,"اسم الخدمة: الاستعلام عن رقم الحدود
القطاع: الجوازات
الفئة المستهدفة: أفراد (زائرين)
وصف الخدمة: تتيح لمواطني دول الخليج والزائرين الاستعلام عن رقم الحدود المسجل لهم عند دخول المملكة.
خطوات الخدمة: 1. الدخول لمنصة أبشر (بدون تسجيل دخول);2. استعلامات;3. الاستعلام عن رقم الحدود;4. إدخال رقم الجواز وتاريخ الدخول.
المستندات المطلوبة: توفر رقم الجواز أو الهوية الخليجية وتاريخ الدخول للمملكة.",الجوازات,1. الدخول لمنصة أبشر (بدون تسجيل دخول);2. استعلامات;3. الاستعلام عن رقم الحدود;4. إدخال رقم الجواز وتاريخ الدخول.,توفر رقم الجواز أو الهوية الخليجية وتاريخ الدخول للمملكة.,مجانية,https://my.gov.sa/ar/services/538442
الاستعلام عن رقم الحدود,"رسوم الخدمة: مجانية
الرابط الرسمي: https://my.gov.sa/ar/services/538442",الجوازات,1. الدخول لمنصة أبشر (بدون تسجيل دخول);2. استعلامات;3. الاستعلام عن رقم الحدود;4. إدخال رقم الجواز وتاريخ الدخول.,توفر رقم الجواز أو الهوية الخليجية وتاريخ الدخول للمملكة.,مجانية,https://my.gov.sa/ar/services/538442
نقل الخدمات (أبشر أعمال),"اسم الخدمة: نقل الخدمات (أبشر أعمال)
القطاع: الجوازات
الفئة المستهدفة: قطاع الأعمال
وصف الخدمة: تمكن صاحب المنشأة من نقل خدمات العامل (كفالة) إليه إلكترونياً بعد موافقة الطرفين.
خطوات الخدمة: 1. الدخول لأبشر أعمال;2. خدمات أعمالي;3. نقل الخدمات;4. طلب نقل خدمات عامل;5. موافقة صاحب العمل الحالي والعامل.",الجوازات,1. الدخول لأبشر أعمال;2. خدمات أعمالي;3. نقل الخدمات;4. طلب نقل خدمات عامل;5. موافقة صاحب العمل الحالي والعامل.,سداد رسوم النقل، موافقة جميع الأطراف، عدم وجود مخالفات على المنشأة أو العامل.,2000 ريال (للمرة الأولى),https://my.gov.sa/ar/services/487328
نقل الخدمات (أبشر أعمال),"المستندات المطلوبة: سداد رسوم النقل، موافقة جميع الأطراف، عدم وجود مخالفات على المنشأة أو العامل.
رسوم الخدمة: 2000 ريال (للمرة الأولى)
الرابط الرسمي: https://my.gov.sa/ar/services/487328",الجوازات,1. الدخول لأبشر أعمال;2. خدمات أعمالي;3. نقل الخدمات;4. طلب نقل خدمات عامل;5. موافقة صاحب العمل الحالي والعامل.,سداد رسوم النقل، موافقة جميع الأطراف، عدم وجود مخالفات على المنشأة أو العامل.,2000 ريال (للمرة الأولى),https://my.gov.sa/ar/services/487328
تأشيرة الخروج النهائي (فترة التجربة),"اسم الخدمة: تأشيرة الخروج النهائي (فترة التجربة)
القطاع: الجوازات
الفئة المستهدفة: أفراد وأعمال
وصف الخدمة: إصدار تأشيرة خروج نهائي للعامل خلال أول 90 يوماً من دخوله المملكة دون رسوم إضافية.
خطوات الخدمة: 1. الدخول لأبشر (أفراد أو أعمال);2. خدمات العمالة;3. تأشيرة الخروج النهائي;4. اختيار العامل خلال فترة التجربة.",الجوازات,1. الدخول لأبشر (أفراد أو أعمال);2. خدمات العمالة;3. تأشيرة الخروج النهائي;4. اختيار العامل خلال فترة التجربة.,أن يكون العامل في فترة التجربة (90 يوماً)، عدم إصدار إقامة له بعد، عدم وجود مخالفات.,مجانية,https://my.gov.sa/ar/services/484600
تأشيرة الخروج النهائي (فترة التجربة),"المستندات المطلوبة: أن يكون العامل في فترة التجربة (90 يوماً)، عدم إصدار إقامة له بعد، عدم وجود مخالفات.
رسوم الخدمة: مجانية
الرابط الرسمي: https://my.gov.sa/ar/services/484600",الجوازات,1. الدخول لأبشر (أفراد أو أعمال);2. خدمات العمالة;3. تأشيرة الخروج النهائي;4. اختيار العامل خلال فترة التجربة.,أن يكون العامل في فترة التجربة (90 يوماً)، عدم إصدار إقامة له بعد، عدم وجود مخالفات.,مجانية,https://my.gov.sa/ar/services/484600
تصريح السفر الاستثنائي,"اسم الخدمة: تصريح السفر الاستثنائي
القطاع: وزارة الداخلية
الفئة المستهدفة: أفراد
وصف الخدمة: طلب الحصول على تصريح سفر للخارج في الحالات الاستثنائية التي تقرها الجهات المختصة.
خطوات الخدمة: 1. الدخول لأبشر;2. خدماتي ثم الجوازات;3. مركز الرسائل والطلبات;4. طلب تصريح سفر استثنائي وإرفاق المبررات.
المستندات المطلوبة: وجود مبررات قوية (مرض، دراسة، مهام رسمية)، إرفاق الوثائق الداعمة.
رسوم الخدمة: مجانية",وزارة الداخلية,1. الدخول لأبشر;2. خدماتي ثم الجوازات;3. مركز الرسائل والطلبات;4. طلب تصريح سفر استثنائي وإرفاق المبررات.,وجود مبررات قوية (مرض، دراسة، مهام رسمية)، إرفاق الوثائق الداعمة.,مجانية,https://my.gov.sa/ar/services/538808
تصريح السفر الاستثنائي,"رسوم الخدمة: مجانية
الرابط الرسمي: https://my.gov.sa/ar/services/538808",وزارة الداخلية,1. الدخول لأبشر;2. خدماتي ثم الجوازات;3. مركز الرسائل والطلبات;4. طلب تصريح سفر استثنائي وإرفاق المبررات.,وجود مبررات قوية (مرض، دراسة، مهام رسمية)، إرفاق الوثائق الداعمة.,مجانية,https://my.gov.sa/ar/services/538808
استعلام عن صلاحية التأمين الطبي,"اسم الخدمة: استعلام عن صلاحية التأمين الطبي
القطاع: وزارة الداخلية
الفئة المستهدفة: أفراد (مقيمين)
وصف الخدمة: خدمة تتيح التأكد من وجود تأمين طبي ساري المفعول للمقيمين، وهو شرط أساسي لتجديد الإقامة.
خطوات الخدمة: 1. الدخول لأبشر;2. استعلامات;3. الاستعلام عن صلاحية التأمين الطبي للمقيمين;4. إدخال رقم الإقامة والرمز المرئي.
المستندات المطلوبة: توفر رقم الإقامة.
رسوم الخدمة: مجانية",وزارة الداخلية,1. الدخول لأبشر;2. استعلامات;3. الاستعلام عن صلاحية التأمين الطبي للمقيمين;4. إدخال رقم الإقامة والرمز المرئي.,توفر رقم الإقامة.,مجانية,https://my.gov.sa/ar/services/538811
استعلام عن صلاحية التأمين الطبي,"رسوم الخدمة: مجانية
الرابط الرسمي: https://my.gov.sa/ar/services/538811",وزارة الداخلية,1. الدخول لأبشر;2. استعلامات;3. الاستعلام عن صلاحية التأمين الطبي للمقيمين;4. إدخال رقم الإقامة والرمز المرئي.,توفر رقم الإقامة.,مجانية,https://my.gov.sa/ar/services/538811
أبشر سفر,"اسم الخدمة: أبشر سفر
القطاع: وزارة الداخلية
الفئة المستهدفة: أفراد
وصف الخدمة: تجهيز إجراءات السفر والتحقق من المتطلبات قبل الوصول للمنافذ البرية لتقليل وقت الانتظار.
خطوات الخدمة: 1. الدخول لتطبيق أبشر;2. اختيار أبشر سفر;3. تحديد المنفذ والمسافرين;4. تأكيد الطلب قبل الوصول للمنفذ.
المستندات المطلوبة: وجود جواز سفر ساري، تأمين سفر (إن لزم)، تنفيذ الطلب قبل الوصول للمنفذ بفترة وجيزة.",وزارة الداخلية,1. الدخول لتطبيق أبشر;2. اختيار أبشر سفر;3. تحديد المنفذ والمسافرين;4. تأكيد الطلب قبل الوصول للمنفذ.,وجود جواز سفر ساري، تأمين سفر (إن لزم)، تنفيذ الطلب قبل الوصول للمنفذ بفترة وجيزة.,مجانية,https://my.gov.sa/ar/services/538814
أبشر سفر,"رسوم الخدمة: مجانية
الرابط الرسمي: https://my.gov.sa/ar/services/538814",وزارة الداخلية,1. الدخول لتطبيق أبشر;2. اختيار أبشر سفر;3. تحديد المنفذ والمسافرين;4. تأكيد الطلب قبل الوصول للمنفذ.,وجود جواز سفر ساري، تأمين سفر (إن لزم)، تنفيذ الطلب قبل الوصول للمنفذ بفترة وجيزة.,مجانية,https://my.gov.sa/ar/services/538814
تعديل المهنة (أبشر أعمال),"اسم الخدمة: تعديل المهنة (أبشر أعمال)
القطاع: الجوازات
الفئة المستهدفة: قطاع الأعمال
وصف الخدمة: تمكن صاحب المنشأة من تعديل المسمى الوظيفي للعاملين لديه إلكترونياً بعد موافقة الجهات المختصة.
خطوات الخدمة: 1. الدخول لأبشر أعمال;2. اختيار خدمات أعمالي;3. اختيار تعديل المهنة;4. اختيار العامل وإدخال المهنة الجديدة والتأكيد.",الجوازات,1. الدخول لأبشر أعمال;2. اختيار خدمات أعمالي;3. اختيار تعديل المهنة;4. اختيار العامل وإدخال المهنة الجديدة والتأكيد.,موافقة وزارة الموارد البشرية، سداد الرسوم، عدم وجود مخالفات مرورية.,1000 ريال,https://my.gov.sa/ar/services/487331
تعديل المهنة (أبشر أعمال),"المستندات المطلوبة: موافقة وزارة الموارد البشرية، سداد الرسوم، عدم وجود مخالفات مرورية.
رسوم الخدمة: 1000 ريال
الرابط الرسمي: https://my.gov.sa/ar/services/487331",الجوازات,1. الدخول لأبشر أعمال;2. اختيار خدمات أعمالي;3. اختيار تعديل المهنة;4. اختيار العامل وإدخال المهنة الجديدة والتأكيد.,موافقة وزارة الموارد البشرية، سداد الرسوم، عدم وجود مخالفات مرورية.,1000 ريال,https://my.gov.sa/ar/services/487331
الهوية الرقمية,"اسم الخدمة: الهوية الرقمية
القطاع: وزارة الداخلية
الفئة المستهدفة: أفراد
وصف الخدمة: نسخة رقمية آمنة للهوية الوطنية أو هوية مقيم عبر تطبيق أبشر تغني عن حمل الوثيقة المادية.
خطوات الخدمة: 1. تحميل تطبيق أبشر;2. تسجيل الدخول;3. اختيار خدماتي ثم الهوية الرقمية;4. تفعيل الهوية على الجهاز.
المستندات المطلوبة: حساب مفعل في أبشر، تطبيق أبشر على هاتف ذكي.
رسوم الخدمة: مجانية",وزارة الداخلية,1. تحميل تطبيق أبشر;2. تسجيل الدخول;3. اختيار خدماتي ثم الهوية الرقمية;4. تفعيل الهوية على الجهاز.,حساب مفعل في أبشر، تطبيق أبشر على هاتف ذكي.,مجانية,https://my.gov.sa/ar/services/538785
الهوية الرقمية,"رسوم الخدمة: مجانية
الرابط الرسمي: https://my.gov.sa/ar/services/538785",وزارة الداخلية,1. تحميل تطبيق أبشر;2. تسجيل الدخول;3. اختيار خدماتي ثم الهوية الرقمية;4. تفعيل الهوية على الجهاز.,حساب مفعل في أبشر، تطبيق أبشر على هاتف ذكي.,مجانية,https://my.gov.sa/ar/services/538785
الاستعلام عن أحقية القيام بالحج,"اسم الخدمة: الاستعلام عن أحقية القيام بالحج
القطاع: وزارة الداخلية
الفئة المستهدفة: أفراد
وصف الخدمة: استعلام فوري يمكن المواطن والمقيم من معرفة أهليته لأداء فريضة الحج وفقاً لنظام (مرة كل 5 سنوات).
خطوات الخدمة: 1. الدخول لأبشر;2. استعلامات ثم خدمات الحج;3. الاستعلام عن أحقية الحج;4. إدخال رقم الهوية.
المستندات المطلوبة: توفر رقم الهوية/الإقامة.
رسوم الخدمة: مجانية",وزارة الداخلية,1. الدخول لأبشر;2. استعلامات ثم خدمات الحج;3. الاستعلام عن أحقية الحج;4. إدخال رقم الهوية.,توفر رقم الهوية/الإقامة.,مجانية,https://my.gov.sa/ar/services/538742
الاستعلام عن أحقية القيام بالحج,"رسوم الخدمة: مجانية
الرابط الرسمي: https://my.gov.sa/ar/services/538742",وزارة الداخلية,1. الدخول لأبشر;2. استعلامات ثم خدمات الحج;3. الاستعلام عن أحقية الحج;4. إدخال رقم الهوية.,توفر رقم الهوية/الإقامة.,مجانية,https://my.gov.sa/ar/services/538742
الاستعلام عن سجل السفر,"اسم الخدمة: الاستعلام عن سجل السفر
القطاع: الجوازات
الفئة المستهدفة: أفراد
وصف الخدمة: تتيح للمستفيد استعراض تفاصيل جميع رحلات السفر الدولية (مغادرة وقدوم) المسجلة باسمه.
خطوات الخدمة: 1. الدخول لأبشر;2. استعلامات ثم الجوازات;3. الاستعلام عن سجل السفر;4. تحديد الفترة الزمنية والاستعراض.
المستندات المطلوبة: حساب مفعل في أبشر.
رسوم الخدمة: مجانية
الرابط الرسمي: https://my.gov.sa/ar/services/538708",الجوازات,1. الدخول لأبشر;2. استعلامات ثم الجوازات;3. الاستعلام عن سجل السفر;4. تحديد الفترة الزمنية والاستعراض.,حساب مفعل في أبشر.,مجانية,https://my.gov.sa/ar/services/538708
الاستعلام عن المخالفات (غير المسددة),"اسم الخدمة: الاستعلام عن المخالفات (غير المسددة)
القطاع: المرور
الفئة المستهدفة: أفراد وأعمال
وصف الخدمة: خدمة تتيح استعراض تفاصيل كافة المخالفات المرورية المسجلة على الهوية أو المركبة والتي لم تسدد بعد.
خطوات الخدمة: 1. الدخول لأبشر;2. استعلامات ثم المرور;3. الاستعلام عن المخالفات غير المسددة;4. استعراض التفاصيل والمواقع.
المستندات المطلوبة: توفر رقم الهوية أو رقم المخالفة.",المرور,1. الدخول لأبشر;2. استعلامات ثم المرور;3. الاستعلام عن المخالفات غير المسددة;4. استعراض التفاصيل والمواقع.,توفر رقم الهوية أو رقم المخالفة.,مجانية (للاستعلام),https://my.gov.sa/ar/services/538690
الاستعلام عن المخالفات (غير المسددة),"رسوم الخدمة: مجانية (للاستعلام)
الرابط الرسمي: https://my.gov.sa/ar/services/538690",المرور,1. الدخول لأبشر;2. استعلامات ثم المرور;3. الاستعلام عن المخالفات غير المسددة;4. استعراض التفاصيل والمواقع.,توفر رقم الهوية أو رقم المخالفة.,مجانية (للاستعلام),https://my.gov.sa/ar/services/538690
الاستعلام عن المركبات المحجوزة,"اسم الخدمة: الاستعلام عن المركبات المحجوزة
القطاع: المرور
الفئة المستهدفة: أفراد
وصف الخدمة: تمكن مالك المركبة من معرفة مكان حجز مركبته في حال تم سحبها أو حجزها من قبل المرور.
خطوات الخدمة: 1. الدخول لأبشر;2. استعلامات ثم المرور;3. الاستعلام عن المركبات المحجوزة;4. عرض اسم الحجز وموقعه.
المستندات المطلوبة: ملكية المركبة المسجلة في النظام.
رسوم الخدمة: مجانية",المرور,1. الدخول لأبشر;2. استعلامات ثم المرور;3. الاستعلام عن المركبات المحجوزة;4. عرض اسم الحجز وموقعه.,ملكية المركبة المسجلة في النظام.,مجانية,https://my.gov.sa/ar/services/538693
الاستعلام عن المركبات المحجوزة,"رسوم الخدمة: مجانية
الرابط الرسمي: https://my.gov.sa/ar/services/538693",المرور,1. الدخول لأبشر;2. استعلامات ثم المرور;3. الاستعلام عن المركبات المحجوزة;4. عرض اسم الحجز وموقعه.,ملكية المركبة المسجلة في النظام.,مجانية,https://my.gov.sa/ar/services/538693
الاستعلام عن وثيقة تأمين المركبة,"اسم الخدمة: الاستعلام عن وثيقة تأمين المركبة
القطاع: المرور
الفئة المستهدفة: أفراد
وصف الخدمة: التأكد من سريان وصلاحية وثيقة التأمين على المركبة المسجلة في سجلات وزارة الداخلية.
خطوات الخدمة: 1. الدخول لأبشر;2. استعلامات ثم المرور;3. الاستعلام عن وثيقة تأمين مركبة;4. إدخال رقم اللوحة والهوية.
المستندات المطلوبة: توفر رقم الهوية ورقم اللوحة.
رسوم الخدمة: مجانية",المرور,1. الدخول لأبشر;2. استعلامات ثم المرور;3. الاستعلام عن وثيقة تأمين مركبة;4. إدخال رقم اللوحة والهوية.,توفر رقم الهوية ورقم اللوحة.,مجانية,https://my.gov.sa/ar/services/538696
الاستعلام عن وثيقة تأمين المركبة,"رسوم الخدمة: مجانية
الرابط الرسمي: https://my.gov.sa/ar/services/538696",المرور,1. الدخول لأبشر;2. استعلامات ثم المرور;3. الاستعلام عن وثيقة تأمين مركبة;4. إدخال رقم اللوحة والهوية.,توفر رقم الهوية ورقم اللوحة.,مجانية,https://my.gov.sa/ar/services/538696
تفويض مراجعة قطاع,"اسم الخدمة: تفويض مراجعة قطاع
القطاع: وزارة الداخلية
الفئة المستهدفة: أفراد
وصف الخدمة: تمكن المستفيد من تفويض شخص آخر لمراجعة أحد قطاعات الوزارة (جوازات، أحوال) لإنهاء معاملة محددة.
خطوات الخدمة: 1. الدخول لأبشر;2. اختيار التفاويض;3. تفويض مراجعة قطاع;4. اختيار القطاع ونوع الخدمة وبيانات المفوض له.
المستندات المطلوبة: تسجيل الطرفين في أبشر، تحديد الخدمة بدقة.
رسوم الخدمة: مجانية",وزارة الداخلية,1. الدخول لأبشر;2. اختيار التفاويض;3. تفويض مراجعة قطاع;4. اختيار القطاع ونوع الخدمة وبيانات المفوض له.,تسجيل الطرفين في أبشر، تحديد الخدمة بدقة.,مجانية,https://my.gov.sa/ar/services/538669
تفويض مراجعة قطاع,"رسوم الخدمة: مجانية
الرابط الرسمي: https://my.gov.sa/ar/services/538669",وزارة الداخلية,1. الدخول لأبشر;2. اختيار التفاويض;3. تفويض مراجعة قطاع;4. اختيار القطاع ونوع الخدمة وبيانات المفوض له.,تسجيل الطرفين في أبشر، تحديد الخدمة بدقة.,مجانية,https://my.gov.sa/ar/services/538669
الاستعلام عن معلومات الاستقدام,"اسم الخدمة: الاستعلام عن معلومات الاستقدام
القطاع: الجوازات
الفئة المستهدفة: أفراد
وصف الخدمة: تتيح للمستفيد الاستعلام عن الطلبات المقدمة لاستقدام أفراد الأسرة أو العمالة وحالة الطلب.
خطوات الخدمة: 1. الدخول لأبشر;2. استعلامات ثم الجوازات;3. الاستعلام عن معلومات الاستقدام;4. إدخال رقم الطلب أو الهوية.
المستندات المطلوبة: وجود طلب استقدام سابق.
رسوم الخدمة: مجانية",الجوازات,1. الدخول لأبشر;2. استعلامات ثم الجوازات;3. الاستعلام عن معلومات الاستقدام;4. إدخال رقم الطلب أو الهوية.,وجود طلب استقدام سابق.,مجانية,https://my.gov.sa/ar/services/538630
الاستعلام عن معلومات الاستقدام,"رسوم الخدمة: مجانية
الرابط الرسمي: https://my.gov.sa/ar/services/538630",الجوازات,1. الدخول لأبشر;2. استعلامات ثم الجوازات;3. الاستعلام عن معلومات الاستقدام;4. إدخال رقم الطلب أو الهوية.,وجود طلب استقدام سابق.,مجانية,https://my.gov.sa/ar/services/538630
تمديد تأشيرة خروج وعودة (خارج المملكة),"اسم الخدمة: تمديد تأشيرة خروج وعودة (خارج المملكة)
القطاع: الجوازات
الفئة المستهدفة: أفراد وأعمال
وصف الخدمة: تمكن أصحاب العمل ورب الأسرة من تمديد صلاحية التأشيرة لمن هم خارج المملكة إلكترونياً.
خطوات الخدمة: 1. الدخول لأبشر;2. خدمات التأشيرات;3. اختيار الشخص (خارج المملكة);4. طلب تمديد التأشيرة وسداد الرسوم.
المستندات المطلوبة: سريان الإقامة (أكثر من 90 يوماً)، سداد رسوم التمديد عبر سداد.",الجوازات,1. الدخول لأبشر;2. خدمات التأشيرات;3. اختيار الشخص (خارج المملكة);4. طلب تمديد التأشيرة وسداد الرسوم.,سريان الإقامة (أكثر من 90 يوماً)، سداد رسوم التمديد عبر سداد.,100 ريال (للمفردة),https://my.gov.sa/ar/services/538672
تمديد تأشيرة خروج وعودة (خارج المملكة),"رسوم الخدمة: 100 ريال (للمفردة)
الرابط الرسمي: https://my.gov.sa/ar/services/538672",الجوازات,1. الدخول لأبشر;2. خدمات التأشيرات;3. اختيار الشخص (خارج المملكة);4. طلب تمديد التأشيرة وسداد الرسوم.,سريان الإقامة (أكثر من 90 يوماً)، سداد رسوم التمديد عبر سداد.,100 ريال (للمفردة),https://my.gov.sa/ar/services/538672
الاستعلام عن التأشيرات (برقم التأشيرة),"اسم الخدمة: الاستعلام عن التأشيرات (برقم التأشيرة)
القطاع: الجوازات
الفئة المستهدفة: أفراد
وصف الخدمة: خدمة استعلامية مفتوحة للتحقق من صحة وصلاحية أي تأشيرة صادرة من الجوازات.
خطوات الخدمة: 1. الدخول لمنصة أبشر (عام);2. استعلامات;3. الاستعلام عن التأشيرات;4. إدخال رقم التأشيرة ورقم الإقامة.
المستندات المطلوبة: توفر رقم التأشيرة ورقم الهوية.
رسوم الخدمة: مجانية",الجوازات,1. الدخول لمنصة أبشر (عام);2. استعلامات;3. الاستعلام عن التأشيرات;4. إدخال رقم التأشيرة ورقم الإقامة.,توفر رقم التأشيرة ورقم الهوية.,مجانية,https://my.gov.sa/ar/services/538633
الاستعلام عن التأشيرات (برقم التأشيرة),"رسوم الخدمة: مجانية
الرابط الرسمي: https://my.gov.sa/ar/services/538633",الجوازات,1. الدخول لمنصة أبشر (عام);2. استعلامات;3. الاستعلام عن التأشيرات;4. إدخال رقم التأشيرة ورقم الإقامة.,توفر رقم التأشيرة ورقم الهوية.,مجانية,https://my.gov.sa/ar/services/538633
تحديث بيانات الجواز (نقل معلومات),"اسم الخدمة: تحديث بيانات الجواز (نقل معلومات)
القطاع: الجوازات
الفئة المستهدفة: أفراد (أصحاب عمل)
وصف الخدمة: تمكن من تحديث بيانات جواز السفر الجديد للمقيم (أفراد أسرة أو عمالة) وربطها بالهوية آلياً.
خطوات الخدمة: 1. الدخول لأبشر;2. خدماتي ثم الجوازات;3. تحديث بيانات جواز سفر المقيمين;4. إدخال بيانات الجواز الجديد والتأكيد.",الجوازات,1. الدخول لأبشر;2. خدماتي ثم الجوازات;3. تحديث بيانات جواز سفر المقيمين;4. إدخال بيانات الجواز الجديد والتأكيد.,وجود المقيم داخل المملكة، ألا يكون الجواز القديم مفقوداً.,مجانية,https://my.gov.sa/ar/services/538675
تحديث بيانات الجواز (نقل معلومات),"المستندات المطلوبة: وجود المقيم داخل المملكة، ألا يكون الجواز القديم مفقوداً.
رسوم الخدمة: مجانية
الرابط الرسمي: https://my.gov.sa/ar/services/538675",الجوازات,1. الدخول لأبشر;2. خدماتي ثم الجوازات;3. تحديث بيانات جواز سفر المقيمين;4. إدخال بيانات الجواز الجديد والتأكيد.,وجود المقيم داخل المملكة، ألا يكون الجواز القديم مفقوداً.,مجانية,https://my.gov.sa/ar/services/538675
تقرير مقيم,"اسم الخدمة: تقرير مقيم
القطاع: الجوازات
الفئة المستهدفة: أفراد وأعمال
وصف الخدمة: إصدار تقرير رسمي مفصل يحتوي على البيانات الشخصية والتأشيرات والتابعين للمقيم لتقديمه للجهات الرسمية.
خطوات الخدمة: 1. الدخول لأبشر;2. الخدمات العامة;3. تقارير أبشر;4. طلب تقرير مقيم وسداد الرسوم;5. عرض وتحميل التقرير.
المستندات المطلوبة: سداد المقابل المالي للتقرير، حساب أبشر فعال.
رسوم الخدمة: 100 ريال",الجوازات,1. الدخول لأبشر;2. الخدمات العامة;3. تقارير أبشر;4. طلب تقرير مقيم وسداد الرسوم;5. عرض وتحميل التقرير.,سداد المقابل المالي للتقرير، حساب أبشر فعال.,100 ريال,https://my.gov.sa/ar/services/538678
تقرير مقيم,"رسوم الخدمة: 100 ريال
الرابط الرسمي: https://my.gov.sa/ar/services/538678",الجوازات,1. الدخول لأبشر;2. الخدمات العامة;3. تقارير أبشر;4. طلب تقرير مقيم وسداد الرسوم;5. عرض وتحميل التقرير.,سداد المقابل المالي للتقرير، حساب أبشر فعال.,100 ريال,https://my.gov.sa/ar/services/538678
الاستعلام عن وصول العمالة,"اسم الخدمة: الاستعلام عن وصول العمالة
القطاع: الجوازات
الفئة المستهدفة: أفراد (أصحاب عمل)
وصف الخدمة: تتيح لصاحب العمل معرفة ما إذا كان العامل الجديد قد دخل أراضي المملكة عبر المنافذ أم لا.
خطوات الخدمة: 1. الدخول لأبشر;2. استعلامات ثم الجوازات;3. الاستعلام عن وصول العمالة;4. إدخال رقم الحدود أو رقم الهوية.
المستندات المطلوبة: توفر رقم الحدود للعامل الجديد.
رسوم الخدمة: مجانية",الجوازات,1. الدخول لأبشر;2. استعلامات ثم الجوازات;3. الاستعلام عن وصول العمالة;4. إدخال رقم الحدود أو رقم الهوية.,توفر رقم الحدود للعامل الجديد.,مجانية,https://my.gov.sa/ar/services/538651
الاستعلام عن وصول العمالة,"رسوم الخدمة: مجانية
الرابط الرسمي: https://my.gov.sa/ar/services/538651",الجوازات,1. الدخول لأبشر;2. استعلامات ثم الجوازات;3. الاستعلام عن وصول العمالة;4. إدخال رقم الحدود أو رقم الهوية.,توفر رقم الحدود للعامل الجديد.,مجانية,https://my.gov.sa/ar/services/538651
الاستعلام عن رقم سداد رسوم الاستقدام,"اسم الخدمة: الاستعلام عن رقم سداد رسوم الاستقدام
القطاع: الجوازات
الفئة المستهدفة: أفراد
وصف الخدمة: تمكن المستفيد من استخراج الرقم المرجعي لسداد رسوم طلبات الاستقدام عبر القنوات البنكية.
خطوات الخدمة: 1. الدخول لأبشر;2. استعلامات ثم الجوازات;3. رقم سداد رسوم الاستقدام;4. عرض الرقم المرجعي.
المستندات المطلوبة: وجود طلب استقدام قائم.
رسوم الخدمة: مجانية (للاستعلام)",الجوازات,1. الدخول لأبشر;2. استعلامات ثم الجوازات;3. رقم سداد رسوم الاستقدام;4. عرض الرقم المرجعي.,وجود طلب استقدام قائم.,مجانية (للاستعلام),https://my.gov.sa/ar/services/538654
الاستعلام عن رقم سداد رسوم الاستقدام,"رسوم الخدمة: مجانية (للاستعلام)
الرابط الرسمي: https://my.gov.sa/ar/services/538654",الجوازات,1. الدخول لأبشر;2. استعلامات ثم الجوازات;3. رقم سداد رسوم الاستقدام;4. عرض الرقم المرجعي.,وجود طلب استقدام قائم.,مجانية (للاستعلام),https://my.gov.sa/ar/services/538654
استعلام عن صلاحية التأشيرة,"اسم الخدمة: استعلام عن صلاحية التأشيرة
القطاع: الجوازات
الفئة المستهدفة: أفراد
وصف الخدمة: خدمة تتيح للمقيمين والزوار التأكد من سريان مفعول تأشيرة الخروج والعودة أو التأشيرة النهائية.
خطوات الخدمة: 1. الدخول لمنصة أبشر;2. استعلامات الجوازات;3. صلاحية التأشيرة;4. إدخال رقم الإقامة ورقم التأشيرة.
المستندات المطلوبة: توفر رقم الإقامة ورقم التأشيرة أو الجواز.
رسوم الخدمة: مجانية",الجوازات,1. الدخول لمنصة أبشر;2. استعلامات الجوازات;3. صلاحية التأشيرة;4. إدخال رقم الإقامة ورقم التأشيرة.,توفر رقم الإقامة ورقم التأشيرة أو الجواز.,مجانية,https://my.gov.sa/ar/services/538657
استعلام عن صلاحية التأشيرة,"رسوم الخدمة: مجانية
الرابط الرسمي: https://my.gov.sa/ar/services/538657",الجوازات,1. الدخول لمنصة أبشر;2. استعلامات الجوازات;3. صلاحية التأشيرة;4. إدخال رقم الإقامة ورقم التأشيرة.,توفر رقم الإقامة ورقم التأشيرة أو الجواز.,مجانية,https://my.gov.sa/ar/services/538657
استعلام عن حالة طلب تأشيرة,"اسم الخدمة: استعلام عن حالة طلب تأشيرة
القطاع: الجوازات
الفئة المستهدفة: أفراد
وصف الخدمة: متابعة طلبات تأشيرات السفر المقدمة مسبقاً ومعرفة حالتها (قيد المعالجة، تم الإصدار، مرفوض).
خطوات الخدمة: 1. الدخول لأبشر;2. استعلامات الجوازات;3. حالة طلب تأشيرة;4. إدخال رقم الطلب أو الهوية.
المستندات المطلوبة: وجود طلب تأشيرة قائم.
رسوم الخدمة: مجانية
الرابط الرسمي: https://my.gov.sa/ar/services/538636",الجوازات,1. الدخول لأبشر;2. استعلامات الجوازات;3. حالة طلب تأشيرة;4. إدخال رقم الطلب أو الهوية.,وجود طلب تأشيرة قائم.,مجانية,https://my.gov.sa/ar/services/538636
الاستعلام عن البلاغات,"اسم الخدمة: الاستعلام عن البلاغات
القطاع: الأمن العام
الفئة المستهدفة: أفراد
وصف الخدمة: تمكن المستفيد من معرفة حالة البلاغات الأمنية أو الجنائية التي قدمها عبر مراكز الشرطة أو تطبيق كلنا أمن.
خطوات الخدمة: 1. الدخول لأبشر;2. اختيار خدماتي;3. الأمن العام;4. استعلام عن البلاغات.
المستندات المطلوبة: توفر حساب أبشر مفعل، وجود بلاغ مسجل سابقاً.
رسوم الخدمة: مجانية",الأمن العام,1. الدخول لأبشر;2. اختيار خدماتي;3. الأمن العام;4. استعلام عن البلاغات.,توفر حساب أبشر مفعل، وجود بلاغ مسجل سابقاً.,مجانية,https://my.gov.sa/ar/services/538613
الاستعلام عن البلاغات,"رسوم الخدمة: مجانية
الرابط الرسمي: https://my.gov.sa/ar/services/538613",الأمن العام,1. الدخول لأبشر;2. اختيار خدماتي;3. الأمن العام;4. استعلام عن البلاغات.,توفر حساب أبشر مفعل، وجود بلاغ مسجل سابقاً.,مجانية,https://my.gov.sa/ar/services/538613
استعلام عن حوادث المركبات,"اسم الخدمة: استعلام عن حوادث المركبات
القطاع: المرور
الفئة المستهدفة: أفراد
وصف الخدمة: استعراض سجل الحوادث المرورية المسجلة على المركبة أو الهوية الوطنية بوزارة الداخلية.
خطوات الخدمة: 1. الدخول لأبشر;2. استعلامات المرور;3. حوادث المركبات;4. عرض تفاصيل الحادث والموقع.
المستندات المطلوبة: رقم الهوية أو الرقم التسلسلي للمركبة.
رسوم الخدمة: مجانية
الرابط الرسمي: https://my.gov.sa/ar/services/538616",المرور,1. الدخول لأبشر;2. استعلامات المرور;3. حوادث المركبات;4. عرض تفاصيل الحادث والموقع.,رقم الهوية أو الرقم التسلسلي للمركبة.,مجانية,https://my.gov.sa/ar/services/538616
استعلام عن التأمين الصحي للزائرين,"اسم الخدمة: استعلام عن التأمين الصحي للزائرين
القطاع: وزارة الداخلية
الفئة المستهدفة: أفراد (زوار)
وصف الخدمة: التحقق من سريان وصلاحية وثيقة التأمين الصحي للزوار القادمين للمملكة بتأشيرة زيارة.
خطوات الخدمة: 1. الدخول لأبشر;2. استعلامات;3. التأمين الصحي للزوار;4. إدخال رقم الجواز وتاريخ الدخول.
المستندات المطلوبة: توفر رقم الجواز المسجل عند الدخول.
رسوم الخدمة: مجانية",وزارة الداخلية,1. الدخول لأبشر;2. استعلامات;3. التأمين الصحي للزوار;4. إدخال رقم الجواز وتاريخ الدخول.,توفر رقم الجواز المسجل عند الدخول.,مجانية,https://my.gov.sa/ar/services/538619
استعلام عن التأمين الصحي للزائرين,"رسوم الخدمة: مجانية
الرابط الرسمي: https://my.gov.sa/ar/services/538619",وزارة الداخلية,1. الدخول لأبشر;2. استعلامات;3. التأمين الصحي للزوار;4. إدخال رقم الجواز وتاريخ الدخول.,توفر رقم الجواز المسجل عند الدخول.,مجانية,https://my.gov.sa/ar/services/538619
مخالفات زوار دول الخليج,"اسم الخدمة: مخالفات زوار دول الخليج
القطاع: المرور
الفئة المستهدفة: أفراد (زوار)
وصف الخدمة: تمكن مواطني دول مجلس التعاون من الاستعلام عن المخالفات المرورية المسجلة ضدهم داخل المملكة وسدادها.
خطوات الخدمة: 1. الدخول لمنصة أبشر (عام);2. استعلامات;3. مخالفات الزوار;4. اختيار الدولة وإدخال رقم الهوية الخليجية.
المستندات المطلوبة: توفر رقم اللوحة أو الهوية الخليجية.
رسوم الخدمة: مجانية (للاستعلام)",المرور,1. الدخول لمنصة أبشر (عام);2. استعلامات;3. مخالفات الزوار;4. اختيار الدولة وإدخال رقم الهوية الخليجية.,توفر رقم اللوحة أو الهوية الخليجية.,مجانية (للاستعلام),https://my.gov.sa/ar/services/538582
مخالفات زوار دول الخليج,"رسوم الخدمة: مجانية (للاستعلام)
الرابط الرسمي: https://my.gov.sa/ar/services/538582",المرور,1. الدخول لمنصة أبشر (عام);2. استعلامات;3. مخالفات الزوار;4. اختيار الدولة وإدخال رقم الهوية الخليجية.,توفر رقم اللوحة أو الهوية الخليجية.,مجانية (للاستعلام),https://my.gov.sa/ar/services/538582
استعلام عن وصول زائر,"اسم الخدمة: استعلام عن وصول زائر
القطاع: الجوازات
الفئة المستهدفة: أفراد (مضيفين)
وصف الخدمة: تتيح للمستفيد (المضيف) التأكد من دخول الزائر الذي تحت استضافته إلى أراضي المملكة رسمياً.
خطوات الخدمة: 1. الدخول لأبشر;2. استعلامات;3. الجوازات;4. استعلام عن وصول زائر;5. إدخال رقم الحدود.
المستندات المطلوبة: توفر رقم الحدود أو رقم الجواز للزائر.
رسوم الخدمة: مجانية",الجوازات,1. الدخول لأبشر;2. استعلامات;3. الجوازات;4. استعلام عن وصول زائر;5. إدخال رقم الحدود.,توفر رقم الحدود أو رقم الجواز للزائر.,مجانية,https://my.gov.sa/ar/services/538585
استعلام عن وصول زائر,"رسوم الخدمة: مجانية
الرابط الرسمي: https://my.gov.sa/ar/services/538585",الجوازات,1. الدخول لأبشر;2. استعلامات;3. الجوازات;4. استعلام عن وصول زائر;5. إدخال رقم الحدود.,توفر رقم الحدود أو رقم الجواز للزائر.,مجانية,https://my.gov.sa/ar/services/538585
استعلام عن خروج زائر,"اسم الخدمة: استعلام عن خروج زائر
القطاع: الجوازات
الفئة المستهدفة: أفراد (مضيفين)
وصف الخدمة: تأكيد مغادرة الزائر لأراضي المملكة بعد انتهاء فترة الزيارة لتخلي مسؤولية المضيف القانونية.
خطوات الخدمة: 1. الدخول لأبشر;2. استعلامات;3. الجوازات;4. استعلام عن خروج زائر;5. عرض بيانات المغادرة.
المستندات المطلوبة: رقم الهوية أو الجواز للزائر.
رسوم الخدمة: مجانية",الجوازات,1. الدخول لأبشر;2. استعلامات;3. الجوازات;4. استعلام عن خروج زائر;5. عرض بيانات المغادرة.,رقم الهوية أو الجواز للزائر.,مجانية,https://my.gov.sa/ar/services/538588
استعلام عن خروج زائر,"رسوم الخدمة: مجانية
الرابط الرسمي: https://my.gov.sa/ar/services/538588",الجوازات,1. الدخول لأبشر;2. استعلامات;3. الجوازات;4. استعلام عن خروج زائر;5. عرض بيانات المغادرة.,رقم الهوية أو الجواز للزائر.,مجانية,https://my.gov.sa/ar/services/538588
استعلام معلومات العنوان الوطني,"اسم الخدمة: استعلام معلومات العنوان الوطني
القطاع: وزارة الداخلية
الفئة المستهدفة: أفراد
وصف الخدمة: استعراض تفاصيل العنوان الوطني المسجل في ملف المستفيد بوزارة الداخلية (الموقع، الرمز البريدي).
خطوات الخدمة: 1. الدخول لأبشر;2. الملف الشخصي;3. استعراض العنوان الوطني;4. عرض التفاصيل المربوطة بسبل.
المستندات المطلوبة: حساب أبشر فعال، عنوان وطني مسجل مسبقاً.
رسوم الخدمة: مجانية",وزارة الداخلية,1. الدخول لأبشر;2. الملف الشخصي;3. استعراض العنوان الوطني;4. عرض التفاصيل المربوطة بسبل.,حساب أبشر فعال، عنوان وطني مسجل مسبقاً.,مجانية,https://my.gov.sa/ar/services/538556
استعلام معلومات العنوان الوطني,"رسوم الخدمة: مجانية
الرابط الرسمي: https://my.gov.sa/ar/services/538556",وزارة الداخلية,1. الدخول لأبشر;2. الملف الشخصي;3. استعراض العنوان الوطني;4. عرض التفاصيل المربوطة بسبل.,حساب أبشر فعال، عنوان وطني مسجل مسبقاً.,مجانية,https://my.gov.sa/ar/services/538556
استعلام رصيد المدفوعات الحكومية,"اسم الخدمة: استعلام رصيد المدفوعات الحكومية
القطاع: وزارة الداخلية
الفئة المستهدفة: أفراد
وصف الخدمة: معرفة المبالغ المالية الفائضة أو المودعة في حساب المستفيد لدى الوزارة (سداد) ولم تستخدم بعد.
خطوات الخدمة: 1. الدخول لأبشر;2. استعلامات;3. رصيد مدفوعات الخدمات الحكومية;4. عرض الرصيد المتاح.
المستندات المطلوبة: توفر رقم الهوية الوطنية أو الإقامة.
رسوم الخدمة: مجانية",وزارة الداخلية,1. الدخول لأبشر;2. استعلامات;3. رصيد مدفوعات الخدمات الحكومية;4. عرض الرصيد المتاح.,توفر رقم الهوية الوطنية أو الإقامة.,مجانية,https://my.gov.sa/ar/services/538559
استعلام رصيد المدفوعات الحكومية,"رسوم الخدمة: مجانية
الرابط الرسمي: https://my.gov.sa/ar/services/538559",وزارة الداخلية,1. الدخول لأبشر;2. استعلامات;3. رصيد مدفوعات الخدمات الحكومية;4. عرض الرصيد المتاح.,توفر رقم الهوية الوطنية أو الإقامة.,مجانية,https://my.gov.sa/ar/services/538559
استعلام عن البصمة,"اسم الخدمة: استعلام عن البصمة
القطاع: وزارة الداخلية
الفئة المستهدفة: أفراد
وصف الخدمة: التحقق مما إذا كانت البصمة الحيوية للمستفيد (المواطن أو المقيم) مسجلة في النظام الآلي أم لا.
خطوات الخدمة: 1. الدخول لأبشر;2. استعلامات;3. استعلام عن البصمة;4. إدخال رقم الهوية والرمز المرئي.
المستندات المطلوبة: توفر رقم الهوية أو الإقامة.
رسوم الخدمة: مجانية
الرابط الرسمي: https://my.gov.sa/ar/services/538562",وزارة الداخلية,1. الدخول لأبشر;2. استعلامات;3. استعلام عن البصمة;4. إدخال رقم الهوية والرمز المرئي.,توفر رقم الهوية أو الإقامة.,مجانية,https://my.gov.sa/ar/services/538562
استعلام أحقية القيام بالحج (عام),"اسم الخدمة: استعلام أحقية القيام بالحج (عام)
القطاع: وزارة الداخلية
الفئة المستهدفة: أفراد
وصف الخدمة: خدمة عامة للتحقق من الأهلية النظامية لأداء فريضة الحج (لمرة كل 5 سنوات) للمواطن والمقيم.
خطوات الخدمة: 1. الدخول لمنصة أبشر;2. خدمات الحج;3. استعلام أحقية الحج;4. إدخال رقم الهوية.
المستندات المطلوبة: رقم الهوية الوطنية أو هوية مقيم.
رسوم الخدمة: مجانية",وزارة الداخلية,1. الدخول لمنصة أبشر;2. خدمات الحج;3. استعلام أحقية الحج;4. إدخال رقم الهوية.,رقم الهوية الوطنية أو هوية مقيم.,مجانية,https://my.gov.sa/ar/services/538565
استعلام أحقية القيام بالحج (عام),"رسوم الخدمة: مجانية
الرابط الرسمي: https://my.gov.sa/ar/services/538565",وزارة الداخلية,1. الدخول لمنصة أبشر;2. خدمات الحج;3. استعلام أحقية الحج;4. إدخال رقم الهوية.,رقم الهوية الوطنية أو هوية مقيم.,مجانية,https://my.gov.sa/ar/services/538565
استعلام عن تصريح دخول مكة,"اسم الخدمة: استعلام عن تصريح دخول مكة
القطاع: وزارة الداخلية
الفئة المستهدفة: أفراد
وصف الخدمة: التأكد من حالة وصلاحية تصاريح دخول العاصمة المقدسة الصادرة للأفراد خلال موسم الحج.
خطوات الخدمة: 1. الدخول لأبشر;2. استعلامات;3. تصاريح دخول مكة;4. عرض حالة التصريح.
المستندات المطلوبة: وجود تصريح صادر مسبقاً خلال فترة المنع.
رسوم الخدمة: مجانية
الرابط الرسمي: https://my.gov.sa/ar/services/538568",وزارة الداخلية,1. الدخول لأبشر;2. استعلامات;3. تصاريح دخول مكة;4. عرض حالة التصريح.,وجود تصريح صادر مسبقاً خلال فترة المنع.,مجانية,https://my.gov.sa/ar/services/538568
استعلام عن صلاحية الإقامة,"اسم الخدمة: استعلام عن صلاحية الإقامة
القطاع: الجوازات
الفئة المستهدفة: أفراد
وصف الخدمة: التحقق من تاريخ انتهاء هوية مقيم لضمان تجديدها في الموعد المحدد وتجنب الغرامات.
خطوات الخدمة: 1. الدخول لمنصة أبشر;2. استعلامات الجوازات;3. صلاحية الإقامة;4. إدخال رقم الإقامة والرمز المرئي.
المستندات المطلوبة: توفر رقم الإقامة.
رسوم الخدمة: مجانية
الرابط الرسمي: https://my.gov.sa/ar/services/538520",الجوازات,1. الدخول لمنصة أبشر;2. استعلامات الجوازات;3. صلاحية الإقامة;4. إدخال رقم الإقامة والرمز المرئي.,توفر رقم الإقامة.,مجانية,https://my.gov.sa/ar/services/538520
استعلام تفاصيل المخالفات المرورية,"اسم الخدمة: استعلام تفاصيل المخالفات المرورية
القطاع: المرور
الفئة المستهدفة: أفراد
وصف الخدمة: عرض بيانات دقيقة حول المخالفات المسجلة (المكان، الوقت، النوع، والصورة إن وجدت).
خطوات الخدمة: 1. الدخول لأبشر;2. استعلامات المرور;3. تفاصيل المخالفات المرورية;4. اختيار المخالفة وعرض بيانات ساهر.
المستندات المطلوبة: رقم الهوية الوطنية أو رقم المخالفة.
رسوم الخدمة: مجانية (للاستعلام)",المرور,1. الدخول لأبشر;2. استعلامات المرور;3. تفاصيل المخالفات المرورية;4. اختيار المخالفة وعرض بيانات ساهر.,رقم الهوية الوطنية أو رقم المخالفة.,مجانية (للاستعلام),https://my.gov.sa/ar/services/538523
استعلام تفاصيل المخالفات المرورية,"رسوم الخدمة: مجانية (للاستعلام)
الرابط الرسمي: https://my.gov.sa/ar/services/538523",المرور,1. الدخول لأبشر;2. استعلامات المرور;3. تفاصيل المخالفات المرورية;4. اختيار المخالفة وعرض بيانات ساهر.,رقم الهوية الوطنية أو رقم المخالفة.,مجانية (للاستعلام),https://my.gov.sa/ar/services/538523
إصدار شهادة الميلاد (تبليغ ولادة),"اسم الخدمة: إصدار شهادة الميلاد (تبليغ ولادة)
القطاع: الأحوال المدنية
الفئة المستهدفة: أفراد
وصف الخدمة: إتمام إجراءات إصدار شهادة الميلاد الأصلية للمولود إلكترونياً بناءً على التبليغ الصحي.
خطوات الخدمة: 1. الدخول لأبشر;2. خدمات الأحوال المدنية;3. إصدار شهادة ميلاد;4. تأكيد البيانات وطلب التوصيل للمنزل.",الأحوال المدنية,1. الدخول لأبشر;2. خدمات الأحوال المدنية;3. إصدار شهادة ميلاد;4. تأكيد البيانات وطلب التوصيل للمنزل.,تبليغ إلكتروني من المستشفى، أن يكون الطلب خلال 30 يوماً من الولادة، وجود عنوان وطني.,مجانية,https://my.gov.sa/ar/services/454922
إصدار شهادة الميلاد (تبليغ ولادة),"المستندات المطلوبة: تبليغ إلكتروني من المستشفى، أن يكون الطلب خلال 30 يوماً من الولادة، وجود عنوان وطني.
رسوم الخدمة: مجانية
الرابط الرسمي: https://my.gov.sa/ar/services/454922",الأحوال المدنية,1. الدخول لأبشر;2. خدمات الأحوال المدنية;3. إصدار شهادة ميلاد;4. تأكيد البيانات وطلب التوصيل للمنزل.,تبليغ إلكتروني من المستشفى، أن يكون الطلب خلال 30 يوماً من الولادة، وجود عنوان وطني.,مجانية,https://my.gov.sa/ar/services/454922
بلاغات الاحتيال المالي,"اسم الخدمة: بلاغات الاحتيال المالي
القطاع: الأمن العام
الفئة المستهدفة: أفراد (مواطنين)
وصف الخدمة: تتيح هذه الخدمة للمستفيد الإبلاغ إلكترونيًا عن عمليات الاحتيال على البطاقات المصرفية.
خطوات الخدمة: 1. تسجيل الدخول إلى منصة أبشر. 2. اختيار خدماتي. 3. اختيار الأمن العام. 4. اختيار بلاغات الاحتيال المالي. 5. تعبئة نموذج البلاغ وإدخال التفاصيل المطلوبة. 6. إرسال البلاغ للمراجعة والمتابعة.",الأمن العام,1. تسجيل الدخول إلى منصة أبشر. 2. اختيار خدماتي. 3. اختيار الأمن العام. 4. اختيار بلاغات الاحتيال المالي. 5. تعبئة نموذج البلاغ وإدخال التفاصيل المطلوبة. 6. إرسال البلاغ للمراجعة والمتابعة.,توفر حساب أبشر وتعبئة النموذج الإلكتروني بدقة,مجانية,https://www.absher.sa
بلاغات الاحتيال المالي,"المستندات المطلوبة: توفر حساب أبشر وتعبئة النموذج الإلكتروني بدقة
رسوم الخدمة: مجانية
الرابط الرسمي: https://www.absher.sa",الأمن العام,1. تسجيل الدخول إلى منصة أبشر. 2. اختيار خدماتي. 3. اختيار الأمن العام. 4. اختيار بلاغات الاحتيال المالي. 5. تعبئة نموذج البلاغ وإدخال التفاصيل المطلوبة. 6. إرسال البلاغ للمراجعة والمتابعة.,توفر حساب أبشر وتعبئة النموذج الإلكتروني بدقة,مجانية,https://www.absher.sa
بيع المركبات (مبايعة),"اسم الخدمة: بيع المركبات (مبايعة)
القطاع: المرور
الفئة المستهدفة: أفراد (مواطن ومقيم)
وصف الخدمة: تتيح للمستفيدين إتمام إجراءات بيع ونقل ملكية المركبة إلكترونيًا عبر منصة أبشر باستخدام نظام الدفع الآمن.",المرور,1. تسجيل الدخول إلى أبشر (البائع). 2. اختيار خدمات المركبات ثم بيع المركبات. 3. إدخال بيانات المشتري والسعر والآيبان. 4. تأكيد الطلب من قبل المشتري خلال ساعة. 5. تحويل المبلغ عبر نظام الدفع في أبشر. 6. إتمام النقل وتحديث السجلات.,وجود فحص دوري ساري وتأمين ساري وعدم وجود مخالفات مرورية,رسوم نقل الملكية المقررة,https://www.absher.sa
بيع المركبات (مبايعة),"خطوات الخدمة: 1. تسجيل الدخول إلى أبشر (البائع). 2. اختيار خدمات المركبات ثم بيع المركبات. 3. إدخال بيانات المشتري والسعر والآيبان. 4. تأكيد الطلب من قبل المشتري خلال ساعة. 5. تحويل المبلغ عبر نظام الدفع في أبشر. 6. إتمام النقل وتحديث السجلات.
المستندات المطلوبة: وجود فحص دوري ساري وتأمين ساري وعدم وجود مخالفات مرورية
رسوم الخدمة: رسوم نقل الملكية المقررة
الرابط الرسمي: https://www.absher.sa",المرور,1. تسجيل الدخول إلى أبشر (البائع). 2. اختيار خدمات المركبات ثم بيع المركبات. 3. إدخال بيانات المشتري والسعر والآيبان. 4. تأكيد الطلب من قبل المشتري خلال ساعة. 5. تحويل المبلغ عبر نظام الدفع في أبشر. 6. إتمام النقل وتحديث السجلات.,وجود فحص دوري ساري وتأمين ساري وعدم وجود مخالفات مرورية,رسوم نقل الملكية المقررة,https://www.absher.sa
نقل اللوحات,"اسم الخدمة: نقل اللوحات
القطاع: المرور
الفئة المستهدفة: أفراد (مواطن ومقيم وزائر)
وصف الخدمة: تتيح لمالك اللوحة تبديل اللوحات بين مركباته الشخصية أو استبدالها مع لوحة مركبة يملكها شخص آخر.
خطوات الخدمة: 1. تسجيل الدخول إلى أبشر. 2. اختيار المركبات ثم إدارة المركبات. 3. اختيار المركبة المعنية. 4. اختيار نقل اللوحات. 5. استكمال البيانات المطلوبة وتأكيد الطلب.",المرور,1. تسجيل الدخول إلى أبشر. 2. اختيار المركبات ثم إدارة المركبات. 3. اختيار المركبة المعنية. 4. اختيار نقل اللوحات. 5. استكمال البيانات المطلوبة وتأكيد الطلب.,ملكية المركبات المستهدفة وسداد الرسوم المرتبطة بإصدار اللوحات المادية,مجانية (للتنفيذ الرقمي),https://www.absher.sa
نقل اللوحات,"المستندات المطلوبة: ملكية المركبات المستهدفة وسداد الرسوم المرتبطة بإصدار اللوحات المادية
رسوم الخدمة: مجانية (للتنفيذ الرقمي)
الرابط الرسمي: https://www.absher.sa",المرور,1. تسجيل الدخول إلى أبشر. 2. اختيار المركبات ثم إدارة المركبات. 3. اختيار المركبة المعنية. 4. اختيار نقل اللوحات. 5. استكمال البيانات المطلوبة وتأكيد الطلب.,ملكية المركبات المستهدفة وسداد الرسوم المرتبطة بإصدار اللوحات المادية,مجانية (للتنفيذ الرقمي),https://www.absher.sa
تقدير (الفئات الخاصة),"اسم الخدمة: تقدير (الفئات الخاصة)
القطاع: الأحوال المدنية
الفئة المستهدفة: أفراد (كبار السن وذوي الإعاقة)
وصف الخدمة: تتيح طلب زيارة فريق الأحوال المدنية لموقع المستفيد لتقديم خدمات الهوية الوطنية لمن لا يستطيع الحركة.",الأحوال المدنية,1. الدخول لأبشر واختيار خدمات الأحوال المدنية ثم تقدير. 2. إدخال بيانات المستفيد والعنوان. 3. تحديد نوع الخدمة المطلوبة. 4. إرفاق التقارير الطبية (لمن هم دون 84 عاماً). 5. إرسال الطلب.,العمر فوق 85 سنة أو وجود تقرير طبي يثبت عدم القدرة على الحركة,مجانية,https://www.absher.sa
تقدير (الفئات الخاصة),"خطوات الخدمة: 1. الدخول لأبشر واختيار خدمات الأحوال المدنية ثم تقدير. 2. إدخال بيانات المستفيد والعنوان. 3. تحديد نوع الخدمة المطلوبة. 4. إرفاق التقارير الطبية (لمن هم دون 84 عاماً). 5. إرسال الطلب.
المستندات المطلوبة: العمر فوق 85 سنة أو وجود تقرير طبي يثبت عدم القدرة على الحركة
رسوم الخدمة: مجانية
الرابط الرسمي: https://www.absher.sa",الأحوال المدنية,1. الدخول لأبشر واختيار خدمات الأحوال المدنية ثم تقدير. 2. إدخال بيانات المستفيد والعنوان. 3. تحديد نوع الخدمة المطلوبة. 4. إرفاق التقارير الطبية (لمن هم دون 84 عاماً). 5. إرسال الطلب.,العمر فوق 85 سنة أو وجود تقرير طبي يثبت عدم القدرة على الحركة,مجانية,https://www.absher.sa
حجز موعد,"اسم الخدمة: حجز موعد
القطاع: الأحوال المدنية
الفئة المستهدفة: أفراد (مواطن ومقيم وزائر)
وصف الخدمة: تتيح للمستفيدين حجز موعد مسبق لمراجعة مكاتب الأحوال المدنية لتنفيذ المعاملات الميدانية.
خطوات الخدمة: 1. تسجيل الدخول لأبشر. 2. اختيار مواعيد ثم الأحوال المدنية. 3. النقر على حجز موعد جديد. 4. اختيار الخدمة والفرع والوقت. 5. تأكيد الموعد وطباعة التذكرة.",الأحوال المدنية,1. تسجيل الدخول لأبشر. 2. اختيار مواعيد ثم الأحوال المدنية. 3. النقر على حجز موعد جديد. 4. اختيار الخدمة والفرع والوقت. 5. تأكيد الموعد وطباعة التذكرة.,توفر حساب أبشر والالتزام بالموعد والوثائق المطلوبة,مجانية,https://www.absher.sa
حجز موعد,"المستندات المطلوبة: توفر حساب أبشر والالتزام بالموعد والوثائق المطلوبة
رسوم الخدمة: مجانية
الرابط الرسمي: https://www.absher.sa",الأحوال المدنية,1. تسجيل الدخول لأبشر. 2. اختيار مواعيد ثم الأحوال المدنية. 3. النقر على حجز موعد جديد. 4. اختيار الخدمة والفرع والوقت. 5. تأكيد الموعد وطباعة التذكرة.,توفر حساب أبشر والالتزام بالموعد والوثائق المطلوبة,مجانية,https://www.absher.sa
شهادة الميلاد الرقمية,"اسم الخدمة: شهادة الميلاد الرقمية
القطاع: الأحوال المدنية
الفئة المستهدفة: أفراد (مواطن ومقيم)
وصف الخدمة: تمكين المستفيد من عرض وطباعة شهادة الميلاد إلكترونياً والتحقق من صلاحيتها رقمياً.
خطوات الخدمة: 1. الدخول لأبشر واختيار الخدمات العامة. 2. اختيار التحقق من وثيقة رقمية. 3. اختيار شهادة ميلاد وإدخال البيانات. 4. عرض الوثيقة وطباعتها.",الأحوال المدنية,1. الدخول لأبشر واختيار الخدمات العامة. 2. اختيار التحقق من وثيقة رقمية. 3. اختيار شهادة ميلاد وإدخال البيانات. 4. عرض الوثيقة وطباعتها.,أن تكون الواقعة مسجلة مسبقاً في النظام الموحد,مجانية,https://www.absher.sa
شهادة الميلاد الرقمية,"المستندات المطلوبة: أن تكون الواقعة مسجلة مسبقاً في النظام الموحد
رسوم الخدمة: مجانية
الرابط الرسمي: https://www.absher.sa",الأحوال المدنية,1. الدخول لأبشر واختيار الخدمات العامة. 2. اختيار التحقق من وثيقة رقمية. 3. اختيار شهادة ميلاد وإدخال البيانات. 4. عرض الوثيقة وطباعتها.,أن تكون الواقعة مسجلة مسبقاً في النظام الموحد,مجانية,https://www.absher.sa
تأشيرة الخروج والعودة,"اسم الخدمة: تأشيرة الخروج والعودة
القطاع: الجوازات
الفئة المستهدفة: أفراد (مواطن ومقيم)
وصف الخدمة: إصدار تأشيرة السفر للخارج أو المغادرة النهائية لأفراد الأسرة أو العمالة المنزلية.
خطوات الخدمة: 1. تسجيل الدخول لأبشر. 2. اختيار خدمات التأشيرات. 3. تحديد الفرد المستهدف. 4. اختيار نوع التأشيرة والمدة. 5. إصدار وتأكيد الطلب.",الجوازات,1. تسجيل الدخول لأبشر. 2. اختيار خدمات التأشيرات. 3. تحديد الفرد المستهدف. 4. اختيار نوع التأشيرة والمدة. 5. إصدار وتأكيد الطلب.,سداد الرسوم ووجود جواز سفر ساري وتواجد الشخص داخل المملكة,200 ريال (للمفردة),https://www.absher.sa
تأشيرة الخروج والعودة,"المستندات المطلوبة: سداد الرسوم ووجود جواز سفر ساري وتواجد الشخص داخل المملكة
رسوم الخدمة: 200 ريال (للمفردة)
الرابط الرسمي: https://www.absher.sa",الجوازات,1. تسجيل الدخول لأبشر. 2. اختيار خدمات التأشيرات. 3. تحديد الفرد المستهدف. 4. اختيار نوع التأشيرة والمدة. 5. إصدار وتأكيد الطلب.,سداد الرسوم ووجود جواز سفر ساري وتواجد الشخص داخل المملكة,200 ريال (للمفردة),https://www.absher.sa
توصيل الوثائق,"اسم الخدمة: توصيل الوثائق
القطاع: وزارة الداخلية
الفئة المستهدفة: أفراد (مواطن ومقيم وزائر)
وصف الخدمة: طلب توصيل الوثائق الحكومية التي تم إصدارها عبر أبشر إلى العنوان الوطني للمستفيد.
خطوات الخدمة: 1. تسجيل الدخول لأبشر بعد إصدار وثيقة. 2. اختيار توصيل الوثائق بالبريد. 3. تحديد الوثيقة والعنوان. 4. سداد رسوم التوصيل وإرسال الطلب.",وزارة الداخلية,1. تسجيل الدخول لأبشر بعد إصدار وثيقة. 2. اختيار توصيل الوثائق بالبريد. 3. تحديد الوثيقة والعنوان. 4. سداد رسوم التوصيل وإرسال الطلب.,وجود عنوان وطني مفعل وسداد رسوم التوصيل للناقل البريدي,رسوم التوصيل (متغيرة),https://www.absher.sa
توصيل الوثائق,"المستندات المطلوبة: وجود عنوان وطني مفعل وسداد رسوم التوصيل للناقل البريدي
رسوم الخدمة: رسوم التوصيل (متغيرة)
الرابط الرسمي: https://www.absher.sa",وزارة الداخلية,1. تسجيل الدخول لأبشر بعد إصدار وثيقة. 2. اختيار توصيل الوثائق بالبريد. 3. تحديد الوثيقة والعنوان. 4. سداد رسوم التوصيل وإرسال الطلب.,وجود عنوان وطني مفعل وسداد رسوم التوصيل للناقل البريدي,رسوم التوصيل (متغيرة),https://www.absher.sa
رعاية أسر الشهداء,"اسم الخدمة: رعاية أسر الشهداء
القطاع: وزارة الداخلية
الفئة المستهدفة: أفراد (مواطنين)
وصف الخدمة: رفع طلبات الخدمات المخصصة لأسر الشهداء والمصابين مثل التوظيف والنقل.
خطوات الخدمة: 1. الدخول لأبشر واختيار رعاية أسر الشهداء والمصابين. 2. النقر على تقديم طلب جديد. 3. إكمال البيانات وإرفاق المستندات. 4. إرسال الطلب للمراجعة.
المستندات المطلوبة: أن يكون المستفيد مسجلاً ضمن سجلات الرعاية المعتمدة",وزارة الداخلية,1. الدخول لأبشر واختيار رعاية أسر الشهداء والمصابين. 2. النقر على تقديم طلب جديد. 3. إكمال البيانات وإرفاق المستندات. 4. إرسال الطلب للمراجعة.,أن يكون المستفيد مسجلاً ضمن سجلات الرعاية المعتمدة,مجانية,https://www.absher.sa
رعاية أسر الشهداء,"رسوم الخدمة: مجانية
الرابط الرسمي: https://www.absher.sa",وزارة الداخلية,1. الدخول لأبشر واختيار رعاية أسر الشهداء والمصابين. 2. النقر على تقديم طلب جديد. 3. إكمال البيانات وإرفاق المستندات. 4. إرسال الطلب للمراجعة.,أن يكون المستفيد مسجلاً ضمن سجلات الرعاية المعتمدة,مجانية,https://www.absher.sa
فرجت,"اسم الخدمة: فرجت
القطاع: المديرية العامة للسجون
الفئة المستهدفة: أفراد (مواطنين ومقيمين)
وصف الخدمة: البحث عن حالات موقوفي القضايا المالية للمساهمة في سداد مديونياتهم وإطلاق سراحهم.
خطوات الخدمة: 1. الدخول لأبشر أو منصة فرجت. 2. اختيار تصنيف الحالة (المنطقة، المبلغ). 3. الحصول على رقم فاتورة سداد. 4. المساهمة بالمبلغ عبر البنك.",المديرية العامة للسجون,1. الدخول لأبشر أو منصة فرجت. 2. اختيار تصنيف الحالة (المنطقة، المبلغ). 3. الحصول على رقم فاتورة سداد. 4. المساهمة بالمبلغ عبر البنك.,لا توجد متطلبات سوى القدرة على السداد المالي للحالة المختارة,مجانية (الخدمة تبرعية),https://www.absher.sa
فرجت,"المستندات المطلوبة: لا توجد متطلبات سوى القدرة على السداد المالي للحالة المختارة
رسوم الخدمة: مجانية (الخدمة تبرعية)
الرابط الرسمي: https://www.absher.sa",المديرية العامة للسجون,1. الدخول لأبشر أو منصة فرجت. 2. اختيار تصنيف الحالة (المنطقة، المبلغ). 3. الحصول على رقم فاتورة سداد. 4. المساهمة بالمبلغ عبر البنك.,لا توجد متطلبات سوى القدرة على السداد المالي للحالة المختارة,مجانية (الخدمة تبرعية),https://www.absher.sa
