category,lang,question,ground_truth
Absher,Arabic,ما هي إجراءات إعادة إنشاء كلمة المرور؟,لإتمام خدمة إعادة إنشاء كلمة المرور، اتبع الخطوات التالية: 1- الدخول إلى صفحة إعادة إنشاء كلمة المرور على موقع منصة أبشر 2- إدخال رقم الهوية أو اسم المستخدم 3- استلام رمز التحقق وإدخاله في الموقع 4- إنشاء كلمة مرور جديدة وفق الشروط المحددة 5- تأكيد كلمة المرور الجديدة. المتطلبات والمستندات تشمل: 1- أن يكون لدى المستفيد هوية رقمية في منصة أبشر. 2- توفر وسيلة تواصل لتلقي رمز التحقق (رقم جوال أو بريد إلكتروني).. رسوم الخدمة هي: مجانية.
Absher,Arabic,ما هي إجراءات الوثائق الرقمية؟,لإتمام خدمة الوثائق الرقمية، اتبع الخطوات التالية: 1 تسجيل الدخول إلى موقع منصة أبشر 2- اختيار خدماتي 3- اختيار الخدمات العامة 4- اختيار المستندات الرقمية 5- استعراض الوثائق الرقمية المتوفرة في حساب المستفيد. المتطلبات والمستندات تشمل: أن يكون لدى المستفيد هوية رقمية في منصة أبشر.. رسوم الخدمة هي: مجانية.
CivilAffairs,Arabic,ما هي إجراءات تسجيل المواليد؟,لإتمام خدمة تسجيل المواليد، اتبع الخطوات التالية: 1- الدخول إلى منصة أبشر واختيار خدمات الأحوال المدنية > خدمة تسجيل المواليد. 2- اختيار المولود. 3- مراجعة بيانات المولود واختيار تأكيد. 4- يسجل النظام المولود الجديد ويتم تحويل المستفيد إلى صفحة عناوين المستفيد المسجلة في أبشر. 5- اختيار العنوان والاطلاع على تفاصيل الأجور. 6- استكمال الطلب ودفع أجور التوصيل. 7- إنشاء رقم مرجعي وحفظ الطلب بعد نجاح عملية الدفع.. المتطلبات والمستندات تشمل: • إتمام إجراءات تبليغ الولادة من المستشفى.. رسوم الخدمة هي: متغير حسب الخدمة.
CivilAffairs,Arabic,ما هي إجراءات تجديد الهوية الوطنية؟,لإتمام خدمة تجديد الهوية الوطنية، اتبع الخطوات التالية: 1-الدخول إلى منصة أبشر واختيار خدماتي - خدمات الأحوال المدنية - خدمات الهوية الوطنية. 2-عرض الصفحة الترحيبية للخدمات مع شروطها 3-اختيار تجديد الهوية الوطنية. 4-رفاق صورة جديدة واختيار التالي. 5-يتم التحقق من مطابقة الصورة الشخصية للشروط آليًا وفي حال عدم مطابقة الشروط تظهر رسالة توضح الشرط غير المنطبق. 6-محاذاة الصورة بناءً على النموذج الظاهر عن طريق التصغير والتكبير ثم التحقق واختيار حفظ ومتابعة. 7-الموافقة على التعهد واختيار متابعة. 8-اختيار العنوان . 9-الاطلاع على تفاصيل أجور الخدمة والإقرار بصحة البيانات المدخلة ثم اختيار متابعة. 10-الانتقال لصفحة الدفع. 11- بعد الدفع يتم إنشاء رقم مرجعي وحفظ الطلب.. المتطلبات والمستندات تشمل: 1-عدم وجود غرامات غير مسددة على المستفيد لقطاع الأحوال المدنية. 2-صورة شخصية حديثة مطابقة لاشتراطات الأحوال المدنية وفقًا للمعايير التالية: 2.1- الصيغة: JPEG 2000 2.2- الحجم: لا يتجاوز 1MB 2.3- الأبعاد: من مضاعفات 4×6 3- تسديد أجور توصيل الهوية عبر القنوات المتاحة. 4-تسديد مخالفات المستفيد لقطاع الأحوال المدنية. 5- إقرار بصحة البيانات المدخلة والموافقة على الشروط أثناء تقديم الطلب. 6- تفعيل بطاقة الهوية الوطنية المجددة بعد استلامها لضمان سريانها.. رسوم الخدمة هي: 39.
CivilAffairs,Arabic,ما هي إجراءات إصدار شهادة وفاة؟,لإتمام خدمة إصدار شهادة وفاة، اتبع الخطوات التالية: 1-الدخول على منصة أبشر - خدماتي - خدمات الأحوال المدنية - خدمات شهادة الوفاة 2-اختيار إصدار شهادة وفاة 3-يتم عرض بلاغات الوفاة التي لم يصدر لها شهادة وفاة 4-اختيار أحد البلاغات 5- الموافقة على الإقرار واختيار تأكيد الإصدار 6-يتم إصدار الشهادة إلكترونيًا. المتطلبات والمستندات تشمل: 1-لإصدار شهادة الوفاة يجب أن يكون تم تبليغ الوفاة من قبل المستشفى الذي حدثت فيه الوفاة. 2-يجب أن تكون صلة القرابة بين المستخدم الذي يرغب بإصدار شهادة وفاة والمتوفي أحد الآتي 3-الأبناء يحق لهما إصدار شهادة الوفاة للأب أو الأم في حال توفي أحدهما. 4-الأب يحق له إصدار شهادة الوفاة للزوجة أو الأبناء في حال توفي أحدهما. 5-الأم يحق لها إصدار شهادة الوفاة لزوجها أو الأبناء في حال توفي أحدهما. 6- صاحب العمل يحق له إصدار شهادة الوفاة للمقيمين العاملين في حال توفي أحدهما . 7- الفرد الحاضن يحق له إصدار شهادة الوفاة للمحضونين في حال توفي أحدهما.. رسوم الخدمة هي: مجانية.
CivilAffairs,Arabic,ما هي إجراءات إصدار سجل الأسرة (للأباء)؟,لإتمام خدمة إصدار سجل الأسرة (للأباء)، اتبع الخطوات التالية: 1- الدخول إلى منصة أبشر والنقر على خدمات الأحوال المدنية > خدمات سجل الأسرة > إصدار سجل الأسرة (للأباء). 2- عرض الصفحة الترحيبية للخدمة مع شروطها. 3- اختيار طلب جديد. 4- يعرض النظام تفاصيل بطاقة سجل الأسرة. 5- يختار المستفيد التالي. 6- يقوم النظام بعرض عناوين المستفيد المسجلة في أبشر. 7- اختيار العنوان والضغط على التالي. 8- استكمال الطلب ودفع أجور التوصيل 9- يتم إنشاء رقم مرجعي وحفظ الطلب.. المتطلبات والمستندات تشمل: تسديد غرامات المستفيد غير المسددة لقطاع الأحوال إن وجدت. رسوم الخدمة هي: متغير حسب الخدمة.
General,Arabic,كيفية تسجيل العنوان الوطني؟,"لتسجيل العنوان الوطني: 1- قم بتسجيل الدخول إلى موقع أبشر أو موقع SPL. 2- اختر ""تسجيل العنوان الوطني"". 3- اختر ""تسجيل جديد"". 4- حدد موقع المبنى الخاص بك على الخريطة أو أدخل التفاصيل يدويًا. 5- التأكيد والحفظ. الرسوم: مجانية للأفراد."
MOI,Arabic,ما هي إجراءات توصيل الوثائق؟,لإتمام خدمة توصيل الوثائق، اتبع الخطوات التالية: 1- تسجيل الدخول إلى موقع منصة أبشر 2- اختيار الخدمات الإلكترونية 3- اختيار توصيل الوثائق بالبريد 4-اختيار نوع الوثيقة المراد توصيلها مراجعة البيانات والتأكيد على العنوان الوطني 5- سداد رسوم التوصيل 6- إرسال الطلب. المتطلبات والمستندات تشمل: 1- أن يكون لدى المستفيد هوية رقمية في منصة أبشر. 2- توفر عنوان وطني صحيح ومحدّث في حساب المستفيد. 3- سداد رسوم التوصيل.. رسوم الخدمة هي: مجانية.
MOI,Arabic,ما هي إجراءات بلاغ امني؟,لإتمام خدمة بلاغ امني، اتبع الخطوات التالية: 1- تسجيل الدخول للتطبيق 2-ختيار تصنيف البلاغ 3-اختيار التصنيف الفرعي 4-اضافة الوصف والمرفقات وارسال البلاغ. المتطلبات والمستندات تشمل: 1-سجيل الدخول برقم الهوية او الاقامة 2-رفع البلاغ والاقرار بصحة المعلومات. رسوم الخدمة هي: مجانية.
MOI,Arabic,ما هي إجراءات تقرير شهادة خلو سوابق؟,لإتمام خدمة تقرير شهادة خلو سوابق، اتبع الخطوات التالية: 1- الدخول إلى منصة أبشر. 2- اختيار خدماتي. 3- الخدمات العامة. 4- تقارير أبشر. 5- طلب التقرير. 6- اختيار طلب شهادة خلو سوابق. 7- إدخال رقم الهوية وتاريخ الميلاد. 8- تسديد المقابل المالي للخدمة. 9- استعراض وطباعة الشهادة.. المتطلبات والمستندات تشمل: 1- أن يكون للشخص المراد الاستعلام عنه حساب فعال في أبشر. 2- ن يتوفر للشخص المطلوب بصمة في وزارة الداخلية لاستكمال معالجة طلب شهادة خلو السوابق.. رسوم الخدمة هي: متغير حسب الخدمة.
MOI,Arabic,ما هي إجراءات المساعد الشخصي؟,لإتمام خدمة المساعد الشخصي، اتبع الخطوات التالية: دعم الصم والبكم الدخول إلى الصفحة الرئيسية في موقع منصة أبشر أفراد. اختيار أيقونة (دعم لغة الإشارة) أسفل الصفحة. اختيار دليل أبشر بلغة الإشارة أو دعم لغة الإشارة المباشر. دعم المكفوفين يمكن الوصول للخدمة عن طريق تطبيق أبشر. فتح التطبيق واختيار الأيقونة أسفل الصفحة.. المتطلبات والمستندات تشمل: تحميل تطبيق أبشر على الهاتف المحمول في حال استخدام دعم المكفوفين. تحديث التطبيق إلى آخر إصدار لضمان عمل الأدوات المساعدة بكفاءة. تفعيل إعدادات الوصول (Accessibility) في الجهاز للاستفادة من الأوامر الصوتية. السماح بتشغيل ملفات الفيديو عند استخدام دليل لغة الإشارة.. رسوم الخدمة هي: مجانية.
Passports,Arabic,كيف يمكنني إصدار تأشيرة الخروج والعودة؟,لإصدار تأشيرة الخروج والعودة: 1- قم بتسجيل الدخول إلى أبشر. 2- اختر الخدمات > جوازات السفر > خدمات التأشيرات. 3- اختيار المستفيد. 4- أدخل تفاصيل التأشيرة (المدة). 5- دفع الرسوم (200 ريال للرحلة الواحدة). 6- تأكيد الطلب. المتطلبات: دفع المخالفات المرورية وجواز السفر ساري المفعول.
Public,Arabic,ما هي إجراءات شكاوى السجون ودور التوقيف؟,لإتمام خدمة شكاوى السجون ودور التوقيف، اتبع الخطوات التالية: 1- تسجيل الدخول إلى موقع منصة أبشر 2- اختيار خدماتي 3- اختيار خدمات 4- اختيار خدمات النيابة العامة 5- اختيار شكاوى السجون ودور التوقيف 6- تعبئة البيانات المطلوبة وإرفاق أي مستندات داعمة 7- إرسال الطلب ومتابعة حالة الشكوى عبر المنصة. المتطلبات والمستندات تشمل: أن يكون لدى المستفيد هوية رقمية في منصة أبشر.. رسوم الخدمة هي: مجانية.
Traffic,Arabic,ما هي إجراءات تجديد رخصة القيادة؟,لتجديد رخصة القيادة: 1- قم بتسجيل الدخول إلى أبشر. 2- اختر الخدمات > المرور > تجديد رخصة القيادة. 3- اختيار نوع الترخيص ومدته (2، 5، أو 10 سنوات). 4- التأكد من البيانات. 5- سيتم تسليم الرخصة عن طريق البريد السعودي. المتطلبات: إكمال الفحص الطبي (الإفادة) ودفع الرسوم.
Weapons,Arabic,ما هي إجراءات مواعيد الأسلحة والمتفجرات؟,لإتمام خدمة مواعيد الأسلحة والمتفجرات، اتبع الخطوات التالية: 1- تسجيل الدخول إلى موقع منصة أبشر 2- اختيار خدماتي 3- اختيار المواعيد 4- اختيار الأسلحة والمتفجرات 5- تحديد نوع الخدمة والفرع والتاريخ المناسب 6- تأكيد حجز الموعد. المتطلبات والمستندات تشمل: أن يكون لدى المستفيد هوية رقمية في منصة أبشر.. رسوم الخدمة هي: مجانية.
Absher,Chinese,密码重置程序是怎样的？,要完成密码再生服务，请按照以下步骤操作： 1- 进入 Absher 平台网站密码再生页面 2- 输入身份证号或用户名 3- 接收验证码并在网站上输入 4- 根据指定条件创建新密码 5- 确认新密码。要求和文件包括： 1- 受益人必须在 Absher 平台上拥有数字身份。 2- 提供接收验证码的通讯方式（手机号码或电子邮件）... 服务费用：免费。
Absher,Chinese,数字文档的程序是什么？,要完成数字文件服务，请按照以下步骤操作： 1- 登录 Absher 平台网站 2- 选择我的服务 3- 选择一般服务 4- 选择数字文件 5- 查看受益人账户中可用的数字文件。要求和文件包括： 受益人必须在 Absher 平台上拥有数字身份。服务费用为：免费。
CivilAffairs,Chinese,出生登记的程序是怎样的？,要完成出生登记服务，请按照以下步骤操作： 1- 进入 Absher 平台，选择“公民身份服务”>“出生登记服务”。 2-选择新生儿。 3- 查看新生儿的数据并选择确认。 4-系统登记新生儿，受益人被转移到在Absher登记的受益人地址页面。 5- 选择地址并查看工资详细信息。 6- 完成申请并支付运费。 7- 创建参考号并在付款过程成功后保存申请。要求和文件包括： • 完成医院通知出生的程序。服务费：根据服务而定。
CivilAffairs,Chinese,更新国民身份的程序是什么？,要完成国民身份证更新服务，请按照以下步骤操作： 1- 进入 Absher 平台，选择我的服务 - 公民身份服务 - 国民身份证服务。 2-显示服务的欢迎页面及其条款和条件。 3-选择更新国民身份证。 4-伙计们，新照片并选择下一步。 5-自动验证个人照片是否满足条件，如果不满足条件，则提示不适用条件。 6-通过放大和缩小，根据可见模型对齐图像，然后检查并选择“保存并继续”。 7-同意承诺并选择继续。 8-选择标题。 9-查看服务费用的详细信息，确认输入的数据的有效性，然后选择继续。 10-转到付款页面。 11- 付款后，将创建一个参考号并保存申请。 要求和文件包括： 1- 受益人没有向公民身份部门缴纳未付罚款。 2- 符合公民身份要求的近期个人照片，符合以下标准： 2.1- 格式：JPEG 2000 2.2- 大小：不超过 1MB 2.3- 尺寸：4×6 的倍数 3- 通过可用渠道支付身份证件递送费用。 4-向公民身份部门支付受益人的违法行为。 5- 确认所输入数据的准确性并批准提交申请期间的条件。 6- 收到更新后的国民身份证后激活以确保其有效性。服务费为：39。
CivilAffairs,Chinese,签发死亡证明的程序是什么？,要完成死亡证明签发服务，请按照以下步骤操作： 1- 进入 Absher 平台 - 我的服务 - 公民身份服务 - 死亡证明服务 2- 选择签发死亡证明 3- 显示未签发死亡证明的死亡报告 4- 选择其中一份报告 5- 批准确认并选择确认签发 6- 证书以电子方式签发。要求和文件包括： 1- 为了签发死亡证明，死亡必须由死亡发生地的医院通知。 2- 希望签发死亡证明的用户与死者之间的关系必须是以下关系之一。 3- 如果父亲或母亲其中一人死亡，子女有权向父亲或母亲签发死亡证明。 4-如果妻子或孩子其中一人死亡，父亲有权向其签发死亡证明。 5-如果丈夫或孩子其中一人死亡，母亲有权为其签发死亡证明。 6- 如果两名工作居民中一人死亡，雇主有权为其签发死亡证明。 7- 如果其中一人死亡，监护人有权向两名监护人签发死亡证明。服务费用为：免费。
CivilAffairs,Chinese,办理户口簿（父亲）的程序是什么？,要完成家庭记录签发服务（父亲），请按照以下步骤操作： 1- 进入 Absher 平台，点击公民身份服务 > 家庭记录服务 > 家庭记录签发（父亲）。 2- 显示服务的欢迎页面及其条款和条件。 3- 选择一个新请求。 4-系统显示家庭记录卡的详细信息。 5- 选择下一个受益人。 6- 系统显示在 Absher 注册的收款人地址。 7- 选择标题并单击“下一步”。 8- 完成申请并支付运费 9- 创建参考号并保存申请。 要求和文件包括： 向公民身份部门支付受益人未付罚款（如果有）。服务费：根据服务而定。
General,Chinese,如何注册国家地址？,要注册国家地址： 1- 登录 Absher 或 SPL 网站。 2- 选择“国内地址注册”。 3- 选择“新注册”。 4- 在地图上找到您的建筑物或手动输入详细信息。 5-确认并保存。费用：个人免费。
MOI,Chinese,递交文件的程序是什么？,要完成文件递送服务，请按照以下步骤操作： 1- 登录 Absher 平台网站 2- 选择电子服务 3- 选择通过邮寄方式递送文件 4- 选择要递送的文件类型 审核数据并确认国家地址 5- 支付递送费用 6- 发送请求。要求和文件包括： 1- 受益人必须在 Absher 平台上拥有数字身份。 2- 受益人账户中有正确且更新的国内地址。 3-支付运费。服务费用为：免费。
MOI,Chinese,安全报告的程序是什么？,要完成安全报告服务，请按照以下步骤操作： 1- 登录应用程序 2- 选择报告分类 3- 选择子类别 4- 添加描述和附件并发送报告。要求和文件包括： 1- 使用您的身份证件或居住号码登录。 2- 提交报告并确认信息的有效性。服务费为：免费。
MOI,Chinese,办理无备案证明的程序是怎样的？,要完成无过去事实证书报告服务，请按照以下步骤操作： 1- 登录 Absher 平台。 2- 选择我的服务。 3-公共服务。 4- 阿布舍尔报告。 5- 索取报告。 6- 选择申请无记录证书。 7- 输入您的身份证号码和出生日期。 8- 支付服务的财务费用。 9- 查看并打印证书。 要求和文件包括： 1- 被询问的人必须在 Absher 拥有活跃帐户。 2- 被请求人应在内政部留下指纹，以完成清晰记录证明请求的处理。服务费：根据服务而定。
MOI,Chinese,私人助理程序是什么？,要完成个人助理服务，请按照以下步骤操作： 支持聋哑人。进入Absher individual平台网站首页。选择页面底部的（手语支持）图标。选择 Absher 手语指南或直接手语支持。对盲人的支持：可以通过 Absher 应用程序访问该服务。打开应用程序并选择页面底部的图标。 要求和文件包括： 如果使用 Blind Support，则在手机上下载 Absher 应用程序。将应用程序更新到最新版本，以确保实用程序高效工作。激活设备上的辅助功能设置以受益于语音命令。允许在使用手语指南时播放视频文件。服务费为：免费。
Passports,Chinese,我如何签发出境和再入境签证？,要签发出境和再入境签证： 1- 登录 Absher。 2- 选择服务 > 护照 > 签证服务。 3- 选择受益人。 4- 输入签证详细信息（期限）。 5- 支付费用（单程 200 SAR）。 6- 确认请求。要求：缴纳交通罚款并持有有效护照。
Public,Chinese,监狱和看守所的投诉程序是怎样的？,要完成监狱和看守所投诉服务，请按照以下步骤操作： 1- 登录 Absher 平台网站 2- 选择我的服务 3- 选择服务 4- 选择公诉服务 5- 选择监狱和看守所投诉 6- 填写所需数据并附上任何证明文件 7- 通过平台发送请求并跟进投诉状态。要求和文件包括： 受益人必须在 Absher 平台上拥有数字身份。服务费用为：免费。
Traffic,Chinese,更新驾驶执照的程序是什么？,要更新驾驶执照： 1- 登录 Absher。 2- 选择服务 > 交通 > 更新驾驶执照。 3- 选择许可证类型和期限（2、5 或 10 年）。 4-确认数据。 5- 许可证将通过沙特邮政递送。要求：完成体检（Efada）并支付费用。
Weapons,Chinese,安排武器和爆炸物的程序是什么？,完成武器爆炸物预约服务，请按照以下步骤操作： 1-登录Absher平台网站 2-选择我的服务 3-选择预约 4-选择武器爆炸物 5-选择服务类型、分支机构和合适日期 6-确认预约预约。要求和文件包括： 受益人必须在 Absher 平台上拥有数字身份。服务费用为：免费。
Absher,English,What is the password reset procedure?,"To complete the password regeneration service, follow the following steps: 1- Enter the password regeneration page on the Absher platform website 2- Enter the ID number or user name 3- Receive the verification code and enter it on the site 4- Create a new password according to the specified conditions 5- Confirm the new password. Requirements and documents include: 1- The beneficiary must have a digital identity on the Absher platform. 2- Provide a means of communication to receive the verification code (mobile number or email)... The service fees are: Free."
Absher,English,What are the procedures for digital documents?,"To complete the digital documents service, follow the following steps: 1- Log in to the Absher platform website 2- Choose my services 3- Choose general services 4- Choose digital documents 5- Review the digital documents available in the beneficiary’s account. Requirements and documents include: The beneficiary must have a digital identity on the Absher platform. The service fees are: Free."
CivilAffairs,English,What are the birth registration procedures?,"To complete the birth registration service, follow the following steps: 1- Enter the Absher platform and choose Civil Status Services > Birth Registration Service. 2- Choosing the newborn. 3- Review the newborn’s data and choose confirmation. 4- The system registers the newborn, and the beneficiary is transferred to the beneficiary addresses page registered in Absher. 5- Choose the address and view the wage details. 6- Complete the application and pay the delivery fees. 7- Create a reference number and save the application after the payment process is successful. The requirements and documents include: • Completing the procedures for notifying the birth from the hospital. The service fees are: variable depending on the service."
CivilAffairs,English,What are the procedures for renewing the national identity?,"To complete the national ID renewal service, follow the following steps: 1- Enter the Absher platform and choose My Services - Civil Status Services - National ID Services. 2-Display the welcome page for the services with its terms and conditions. 3-Choose to renew the national ID. 4-Guys, new photo and choose Next. 5-The personal photo is verified to meet the conditions automatically, and if the conditions are not met, a message appears indicating the non-applicable condition. 6-Align the image based on the visible model by zooming in and out, then checking and choosing Save and Continue. 7-Agree to the pledge and choose to continue. 8-Choose the title. 9-View the details of the service fees, confirm the validity of the data entered, then choose Continue. 10-Move to the payment page. 11- After payment, a reference number is created and the application is saved.. The requirements and documents include: 1- There are no unpaid fines on the beneficiary for the Civil Status Sector. 2- A recent personal photo conforming to civil status requirements according to the following standards: 2.1- Format: JPEG 2000 2.2- Size: not exceeding 1MB 2.3- Dimensions: multiples of 4×6 3- Payment of ID delivery fees through available channels. 4-Paying the beneficiary’s violations to the Civil Status Sector. 5- An acknowledgment of the accuracy of the data entered and approval of the conditions during submission of the application. 6- Activate the renewed national ID card after receiving it to ensure its validity. The service fee is: 39."
CivilAffairs,English,What are the procedures for issuing a death certificate?,"To complete the death certificate issuance service, follow the following steps: 1- Enter the Absher platform - My Services - Civil Status Services - Death Certificate Services 2- Choose to issue a death certificate 3- Death reports for which no death certificate has been issued are displayed 4- Choose one of the reports 5- Approve the acknowledgment and choose to confirm issuance 6- The certificate is issued electronically. Requirements and documents include: 1- In order to issue a death certificate, the death must have been notified by the hospital where the death occurred. 2- The relationship between the user who wishes to issue a death certificate and the deceased must be one of the following. 3- The children have the right to issue a death certificate to the father or mother if one of them dies. 4-The father has the right to issue a death certificate to the wife or children if one of them dies. 5-The mother has the right to issue a death certificate for her husband or children if one of them dies. 6- The employer has the right to issue a death certificate for the two working residents in the event that one of them dies. 7- The custodial individual has the right to issue a death certificate to the two custodians in the event that one of them dies. The service fees are: Free."
CivilAffairs,English,What are the procedures for issuing a family register (for fathers)?,"To complete the family record issuance service (for fathers), follow the following steps: 1- Enter the Absher platform and click on Civil Status Services > Family Record Services > Family Record Issuance (for fathers). 2- Display the welcome page for the service with its terms and conditions. 3- Choose a new request. 4- The system displays the details of the family record card. 5- Choose the next beneficiary. 6- The system displays the beneficiary addresses registered in Absher. 7- Choose the title and click Next. 8- Complete the application and pay the delivery fees 9- A reference number is created and the application is saved.. Requirements and documents include: Payment of the beneficiary’s unpaid fines to the Civil Status Sector, if any. Service fees are: variable depending on the service."
General,English,How to register a National Address?,To register a National Address: 1- Log in to Absher or SPL website. 2- Select 'National Address Registration'. 3- Select 'New Registration'. 4- Locate your building on the map or enter details manually. 5- Confirm and save. Fees: Free for individuals.
MOI,English,What are the procedures for delivering documents?,"To complete the document delivery service, follow the following steps: 1- Log in to the Absher platform website 2- Choose electronic services 3- Choose to deliver documents by mail 4- Choose the type of document to be delivered Review the data and confirm the national address 5- Pay the delivery fees 6- Send the request. Requirements and documents include: 1- The beneficiary must have a digital identity on the Absher platform. 2- Availability of a correct and updated national address in the beneficiary’s account. 3- Pay the delivery fees. The service fees are: Free."
MOI,English,What are the procedures for a security report?,"To complete the security report service, follow the following steps: 1- Log in to the application 2- Choose the report classification 3- Choose the sub-category 4- Add the description and attachments and send the report. Requirements and documents include: 1- Sign in with your ID or residency number. 2- Submit a report and acknowledge the validity of the information. The service fee is: Free."
MOI,English,What are the procedures for reporting a record-free certificate?,"To complete the no-past-the-fact certificate report service, follow the following steps: 1- Log in to the Absher platform. 2- Choose my services. 3- Public services. 4- Absher reports. 5- Request a report. 6- Choose to request a record-free certificate. 7- Enter your ID number and date of birth. 8- Payment of the financial fees for the service. 9- View and print the certificate.. Requirements and documents include: 1- That the person to be inquired about must have an active account in Absher. 2- The requested person shall have a fingerprint at the Ministry of Interior to complete the processing of the request for a clear record certificate. The service fees are: variable depending on the service."
MOI,English,What are the personal assistant procedures?,"To complete the personal assistant service, follow the following steps: Support the deaf and mute. Enter the home page on the Absher Individual platform website. Choose the (sign language support) icon at the bottom of the page. Choose Absher guide in sign language or direct sign language support. Support for the blind: The service can be accessed through the Absher application. Open the application and choose the icon at the bottom of the page.. Requirements and documents include: Downloading the Absher application on the mobile phone if using Blind Support. Update the application to the latest version to ensure that the utilities work efficiently. Activate the Accessibility settings on the device to benefit from voice commands. Allow video files to be played when using the sign language guide. The service fee is: Free."
Passports,English,How do I issue an exit and re-entry visa?,To issue an exit and re-entry visa: 1- Log in to Absher. 2- Select Services > Passports > Visa Services. 3- Select the beneficiary. 4- Enter visa details (duration). 5- Pay the fees (200 SAR for single trip). 6- Confirm the request. Requirements: Payment of traffic fines and valid passport.
Public,English,What are the complaints procedures for prisons and detention centers?,"To complete the prison and detention center complaints service, follow the following steps: 1- Log in to the Absher platform website 2- Choose my services 3- Choose services 4- Choose Public Prosecution services 5- Choose prison and detention center complaints 6- Fill out the required data and attach any supporting documents 7- Send the request and follow up on the status of the complaint through the platform. Requirements and documents include: The beneficiary must have a digital identity on the Absher platform. The service fees are: Free."
Traffic,English,What is the procedure to renew a driving license?,"To renew a driving license: 1- Log in to Absher. 2- Select Services > Traffic > Renew Driving License. 3- Select the license type and duration (2, 5, or 10 years). 4- Confirm the data. 5- The license will be delivered via Saudi Post. Requirements: Complete the medical exam (Efada) and pay the fees."
Weapons,English,What are the procedures for scheduling weapons and explosives?,"To complete the weapons and explosives appointment service, follow the following steps: 1- Log in to the Absher platform website 2- Choose my services 3- Choose appointments 4- Choose weapons and explosives 5- Select the type of service, branch, and appropriate date 6- Confirm the appointment reservation. Requirements and documents include: The beneficiary must have a digital identity on the Absher platform. The service fees are: Free."
Absher,French,Quelle est la procédure de réinitialisation du mot de passe ?,"Pour compléter le service de régénération de mot de passe, suivez les étapes suivantes : 1- Accédez à la page de régénération de mot de passe sur le site de la plateforme Absher 2- Saisissez le numéro d'identification ou le nom d'utilisateur 3- Recevez le code de vérification et saisissez-le sur le site 4- Créez un nouveau mot de passe selon les conditions spécifiées 5- Confirmez le nouveau mot de passe. Les exigences et documents comprennent : 1- Le bénéficiaire doit avoir une identité numérique sur la plateforme Absher. 2- Prévoir un moyen de communication pour recevoir le code de vérification (numéro de portable ou email)... Les frais de service sont : Gratuits."
Absher,French,Quelles sont les démarches pour les documents numériques ?,"Pour compléter le service de documents numériques, suivez les étapes suivantes : 1- Connectez-vous au site de la plateforme Absher 2- Choisissez mes services 3- Choisissez les services généraux 4- Choisissez les documents numériques 5- Consultez les documents numériques disponibles dans le compte du bénéficiaire. Les exigences et documents comprennent : Le bénéficiaire doit avoir une identité numérique sur la plateforme Absher. Les frais de service sont : Gratuits."
CivilAffairs,French,Quelles sont les démarches d’enregistrement des naissances ?,"Pour compléter le service d'enregistrement des naissances, suivez les étapes suivantes : 1- Accédez à la plateforme Absher et choisissez Services de l'état civil > Service d'enregistrement des naissances. 2- Choisir le nouveau-né. 3- Vérifiez les données du nouveau-né et choisissez la confirmation. 4- Le système enregistre le nouveau-né et le bénéficiaire est transféré vers la page des adresses des bénéficiaires enregistrée dans Absher. 5- Choisissez l'adresse et consultez le détail du salaire. 6- Complétez le dossier et payez les frais de livraison. 7- Créez un numéro de référence et enregistrez la demande une fois le processus de paiement réussi. Les exigences et documents comprennent : • Remplir les procédures de notification de la naissance depuis l'hôpital. Les frais de service sont : variables selon la prestation."
CivilAffairs,French,Quelles sont les procédures de renouvellement de l’identité nationale ?,"Pour compléter le service de renouvellement de la carte d'identité nationale, suivez les étapes suivantes : 1- Accédez à la plateforme Absher et choisissez Mes services - Services de l'état civil - Services de la carte d'identité nationale. 2-Affichez la page d'accueil des services avec ses modalités. 3-Choisissez de renouveler la carte d'identité nationale. 4-Les gars, nouvelle photo et choisissez Suivant. 5-La photo personnelle est vérifiée pour répondre aux conditions automatiquement, et si les conditions ne sont pas remplies, un message apparaît indiquant la condition non applicable. 6-Alignez l'image en fonction du modèle visible en effectuant un zoom avant et arrière, puis en cochant et en choisissant Enregistrer et continuer. 7- Acceptez l'engagement et choisissez de continuer. 8-Choisissez le titre. 9-Affichez le détail des frais de service, confirmez la validité des données saisies, puis choisissez Continuer. 10-Passez à la page de paiement. 11- Après paiement, un numéro de référence est créé et la demande est enregistrée. Les exigences et documents comprennent : 1- Il n'y a pas d'amendes impayées sur le bénéficiaire pour le secteur de l'état civil. 2- Une photo personnelle récente conforme aux exigences de l'état civil selon les normes suivantes : 2.1- Format : JPEG 2000 2.2- Taille : n'excédant pas 1Mo 2.3- Dimensions : multiples de 4×6 3- Paiement des frais d'envoi des pièces d'identité par les canaux disponibles. 4-Paiement des violations du bénéficiaire au Secteur de l'État Civil. 5- Une reconnaissance de l'exactitude des données saisies et l'approbation des conditions lors de la soumission de la candidature. 6- Activez la carte d'identité nationale renouvelée après l'avoir reçue pour garantir sa validité. Les frais de service sont de : 39."
CivilAffairs,French,Quelles sont les démarches pour délivrer un acte de décès ?,"Pour compléter le service de délivrance d'acte de décès, suivez les étapes suivantes : 1- Accédez à la plateforme Absher - Mes services - Services de l'état civil - Services d'acte de décès 2- Choisissez de délivrer un acte de décès 3- Les rapports de décès pour lesquels aucun acte de décès n'a été délivré sont affichés 4- Choisissez l'un des rapports 5- Approuvez l'accusé de réception et choisissez de confirmer l'émission 6- L'acte de décès est délivré par voie électronique. Les exigences et documents comprennent : 1- Afin de délivrer un certificat de décès, le décès doit avoir été notifié par l'hôpital où le décès est survenu. 2- La relation entre l'utilisateur qui souhaite délivrer un acte de décès et le défunt doit être l'une des suivantes. 3- Les enfants ont le droit de délivrer un acte de décès au père ou à la mère si l'un d'eux décède. 4-Le père a le droit de délivrer un acte de décès à l'épouse ou aux enfants si l'un d'eux décède. 5-La mère a le droit de délivrer un acte de décès pour son mari ou ses enfants si l'un d'eux décède. 6- L'employeur a le droit de délivrer un acte de décès aux deux résidents travailleurs en cas de décès de l'un d'eux. 7- La personne gardienne a le droit de délivrer un acte de décès aux deux gardiens en cas de décès de l'un d'eux. Les frais de service sont : Gratuits."
CivilAffairs,French,Quelles sont les modalités de délivrance d'un livret de famille (pour les pères) ?,"Pour compléter le service de délivrance de dossier familial (pour les pères), suivez les étapes suivantes : 1- Accédez à la plateforme Absher et cliquez sur Services de l'état civil > Services de dossier familial > Délivrance de dossier familial (pour les pères). 2- Afficher la page d'accueil du service avec ses modalités. 3- Choisissez une nouvelle demande. 4- Le système affiche les détails de la fiche de famille. 5- Choisissez le prochain bénéficiaire. 6- Le système affiche les adresses des bénéficiaires enregistrées dans Absher. 7- Choisissez le titre et cliquez sur Suivant. 8- Compléter la demande et payer les frais de livraison 9- Un numéro de référence est créé et la demande est enregistrée. Les exigences et documents comprennent : Le paiement des amendes impayées du bénéficiaire au Secteur de l'État Civil, le cas échéant. Les frais de service sont : variables selon la prestation."
General,French,Comment enregistrer une adresse nationale ?,Pour enregistrer une adresse nationale : 1- Connectez-vous au site Web Absher ou SPL. 2- Sélectionnez « Enregistrement d'adresse nationale ». 3- Sélectionnez 'Nouvelle inscription'. 4- Localisez votre bâtiment sur la carte ou saisissez les détails manuellement. 5- Confirmez et enregistrez. Tarifs : Gratuit pour les particuliers.
MOI,French,Quelles sont les modalités de délivrance des documents ?,"Pour compléter le service de livraison de documents, suivez les étapes suivantes : 1- Connectez-vous au site de la plateforme Absher 2- Choisissez les services électroniques 3- Choisissez de livrer les documents par courrier 4- Choisissez le type de document à livrer Vérifiez les données et confirmez l'adresse nationale 5- Payez les frais de livraison 6- Envoyez la demande. Les exigences et documents comprennent : 1- Le bénéficiaire doit avoir une identité numérique sur la plateforme Absher. 2- Disponibilité d’une adresse nationale correcte et mise à jour dans le compte du bénéficiaire. 3- Payer les frais de livraison. Les frais de service sont : Gratuits."
MOI,French,Quelles sont les démarches pour un rapport de sécurité ?,"Pour compléter le service de rapport de sécurité, suivez les étapes suivantes : 1- Connectez-vous à l'application 2- Choisissez la classification du rapport 3- Choisissez la sous-catégorie 4- Ajoutez la description et les pièces jointes et envoyez le rapport. Les exigences et les documents comprennent : 1- Connectez-vous avec votre pièce d'identité ou votre numéro de résidence. 2- Soumettre un rapport et reconnaître la validité des informations. Les frais de service sont : Gratuits."
MOI,French,Quelles sont les modalités de déclaration d’un certificat sans enregistrement ?,"Pour compléter le service de rapport de certificat de non-constat, suivez les étapes suivantes : 1- Connectez-vous à la plateforme Absher. 2- Choisissez mes services. 3- Services publics. 4- Rapports Absher. 5- Demander un rapport. 6- Choisissez de demander un certificat sans enregistrement. 7- Entrez votre numéro d'identification et votre date de naissance. 8- Paiement des frais financiers de la prestation. 9- Consultez et imprimez le certificat. Les exigences et les documents comprennent : 1- Que la personne interrogée doit avoir un compte actif chez Absher. 2- La personne recherchée doit disposer d'une empreinte digitale au Ministère de l'Intérieur pour compléter le traitement de la demande d'attestation de casier judiciaire. Les frais de service sont : variables selon la prestation."
MOI,French,Quelles sont les démarches d’un assistant personnel ?,"Pour compléter le service d'assistant personnel, suivez les étapes suivantes : Accompagner les sourds-muets. Accédez à la page d'accueil du site Web de la plateforme Absher Individual. Choisissez l'icône (prise en charge de la langue des signes) en bas de la page. Choisissez le guide Absher en langue des signes ou le support direct en langue des signes. Aide aux aveugles : Le service est accessible via l'application Absher. Ouvrez l'application et choisissez l'icône en bas de la page. Les exigences et les documents incluent : Téléchargement de l'application Absher sur le téléphone mobile si vous utilisez Blind Support. Mettez à jour l'application vers la dernière version pour garantir que les utilitaires fonctionnent efficacement. Activez les paramètres d'accessibilité sur l'appareil pour bénéficier des commandes vocales. Autoriser la lecture des fichiers vidéo lors de l'utilisation du guide en langue des signes. Les frais de service sont : Gratuits."
Passports,French,Comment délivrer un visa de sortie et de rentrée ?,Pour délivrer un visa de sortie et de rentrée : 1- Connectez-vous à Absher. 2- Sélectionnez Services > Passeports > Services Visa. 3- Sélectionnez le bénéficiaire. 4- Saisissez les détails du visa (durée). 5- Payer les frais (200 SAR pour un aller simple). 6- Confirmez la demande. Conditions : Paiement des amendes de la route et passeport valide.
Public,French,Quelles sont les procédures de plainte dans les prisons et les centres de détention ?,"Pour compléter le service de réclamation des prisons et centres de détention, suivez les étapes suivantes : 1- Connectez-vous au site de la plateforme Absher 2- Choisissez mes services 3- Choisissez les services 4- Choisissez les services du parquet 5- Choisissez les plaintes des prisons et centres de détention 6- Remplissez les données requises et joignez les éventuelles pièces justificatives 7- Envoyez la demande et suivez l'état de la plainte via la plateforme. Les exigences et documents comprennent : Le bénéficiaire doit avoir une identité numérique sur la plateforme Absher. Les frais de service sont : Gratuits."
Traffic,French,Quelle est la procédure pour renouveler un permis de conduire ?,"Pour renouveler un permis de conduire : 1- Connectez-vous à Absher. 2- Sélectionnez Services > Trafic > Renouveler le permis de conduire. 3- Sélectionnez le type de licence et la durée (2, 5 ou 10 ans). 4- Confirmez les données. 5- La licence sera livrée via Saudi Post. Conditions : Passer l'examen médical (Efada) et payer les frais."
Weapons,French,Quelles sont les procédures de programmation des armes et explosifs ?,"Pour compléter le service de rendez-vous armes et explosifs, suivez les étapes suivantes : 1- Connectez-vous au site de la plateforme Absher 2- Choisissez mes services 3- Choisissez les rendez-vous 4- Choisissez les armes et explosifs 5- Sélectionnez le type de service, l'agence et la date appropriée 6- Confirmez la prise de rendez-vous. Les exigences et documents comprennent : Le bénéficiaire doit avoir une identité numérique sur la plateforme Absher. Les frais de service sont : Gratuits."
Absher,German,Was ist das Verfahren zum Zurücksetzen des Passworts?,"Um den Passwort-Regenerationsdienst abzuschließen, führen Sie die folgenden Schritte aus: 1 – Rufen Sie die Seite zur Passwort-Regeneration auf der Website der Absher-Plattform auf. 2 – Geben Sie die ID-Nummer oder den Benutzernamen ein. 3 – Erhalten Sie den Bestätigungscode und geben Sie ihn auf der Website ein. 4 – Erstellen Sie ein neues Passwort gemäß den angegebenen Bedingungen. 5 – Bestätigen Sie das neue Passwort. Zu den Anforderungen und Dokumenten gehören: 1- Der Begünstigte muss über eine digitale Identität auf der Absher-Plattform verfügen. 2- Stellen Sie ein Kommunikationsmittel bereit, um den Bestätigungscode zu erhalten (Handynummer oder E-Mail). Die Servicegebühren sind: Kostenlos."
Absher,German,Welche Verfahren gibt es für digitale Dokumente?,"Um den Dienst für digitale Dokumente abzuschließen, führen Sie die folgenden Schritte aus: 1- Melden Sie sich auf der Website der Absher-Plattform an 2- Wählen Sie meine Dienste aus 3- Wählen Sie allgemeine Dienste 4- Wählen Sie digitale Dokumente 5- Überprüfen Sie die im Konto des Begünstigten verfügbaren digitalen Dokumente. Zu den Anforderungen und Dokumenten gehören: Der Begünstigte muss über eine digitale Identität auf der Absher-Plattform verfügen. Die Servicegebühren sind: Kostenlos."
CivilAffairs,German,Was sind die Verfahren zur Geburtenregistrierung?,"Um den Geburtsregistrierungsdienst abzuschließen, führen Sie die folgenden Schritte aus: 1- Rufen Sie die Absher-Plattform auf und wählen Sie Zivilstandsdienste > Geburtsregistrierungsdienst. 2- Auswahl des Neugeborenen. 3- Überprüfen Sie die Daten des Neugeborenen und wählen Sie „Bestätigung“. 4- Das System registriert das Neugeborene und der Begünstigte wird auf die in Absher registrierte Seite mit den Begünstigtenadressen weitergeleitet. 5- Wählen Sie die Adresse und sehen Sie sich die Lohndetails an. 6- Füllen Sie den Antrag aus und zahlen Sie die Liefergebühren. 7- Erstellen Sie eine Referenznummer und speichern Sie den Antrag, nachdem der Zahlungsvorgang erfolgreich war. Zu den Anforderungen und Dokumenten gehören: • Abschluss der Verfahren zur Meldung der Geburt durch das Krankenhaus. Die Servicegebühren sind: je nach Service variabel."
CivilAffairs,German,Welche Verfahren gibt es zur Erneuerung der nationalen Identität?,"Um den Service zur Erneuerung des nationalen Personalausweises abzuschließen, führen Sie die folgenden Schritte aus: 1- Rufen Sie die Absher-Plattform auf und wählen Sie „Meine Dienste – Zivilstandsdienste – Nationale ID-Dienste“. 2-Zeigen Sie die Willkommensseite der Dienste mit den Allgemeinen Geschäftsbedingungen an. 3-Wählen Sie die Erneuerung des Personalausweises. 4-Leute, neues Foto und wähle Weiter. 5-Das persönliche Foto wird automatisch auf die Erfüllung der Bedingungen überprüft. Wenn die Bedingungen nicht erfüllt sind, wird eine Meldung angezeigt, die auf die nicht anwendbare Bedingung hinweist. 6-Richten Sie das Bild anhand des sichtbaren Modells aus, indem Sie hinein- und herauszoomen, dann die Option „Speichern und fortfahren“ aktivieren und auswählen. 7-Stimmen Sie dem Versprechen zu und entscheiden Sie sich, fortzufahren. 8-Wählen Sie den Titel. 9-Sehen Sie sich die Details der Servicegebühren an, bestätigen Sie die Gültigkeit der eingegebenen Daten und wählen Sie dann Weiter. 10-Gehen Sie zur Zahlungsseite. 11- Nach der Zahlung wird eine Referenznummer erstellt und der Antrag gespeichert. Zu den Anforderungen und Dokumenten gehören: 1- Dem Begünstigten liegen keine unbezahlten Bußgelder für den Personenstandsbereich vor. 2- Ein aktuelles persönliches Foto, das den Personenstandsanforderungen gemäß den folgenden Standards entspricht: 2.1- Format: JPEG 2000 2.2- Größe: nicht mehr als 1 MB 2.3- Abmessungen: Vielfache von 4×6 3- Zahlung der Ausweisversandgebühren über verfügbare Kanäle. 4-Zahlung der Verstöße des Begünstigten an die Zivilstandsbehörde. 5- Eine Bestätigung der Richtigkeit der eingegebenen Daten und Zustimmung zu den Bedingungen bei der Einreichung des Antrags. 6- Aktivieren Sie den erneuerten Personalausweis nach Erhalt, um seine Gültigkeit sicherzustellen. Die Servicegebühr beträgt: 39."
CivilAffairs,German,Welche Verfahren gibt es für die Ausstellung einer Sterbeurkunde?,"Um den Sterbeurkunden-Ausstellungsdienst abzuschließen, führen Sie die folgenden Schritte aus: 1- Rufen Sie die Absher-Plattform auf – Meine Dienste – Personenstandsdienste – Sterbeurkunden-Dienste 2- Wählen Sie die Ausstellung einer Sterbeurkunde 3- Sterbeberichte, für die keine Sterbeurkunde ausgestellt wurde, werden angezeigt 4- Wählen Sie einen der Berichte 5- Genehmigen Sie die Bestätigung und bestätigen Sie die Ausstellung 6- Die Bescheinigung wird elektronisch ausgestellt. Zu den Anforderungen und Dokumenten gehören: 1- Um eine Sterbeurkunde ausstellen zu können, muss der Tod vom Krankenhaus, in dem der Tod eingetreten ist, gemeldet worden sein. 2- Die Beziehung zwischen dem Benutzer, der eine Sterbeurkunde ausstellen möchte, und dem Verstorbenen muss eine der folgenden sein. 3- Die Kinder haben das Recht, dem Vater oder der Mutter eine Sterbeurkunde auszustellen, wenn eines von ihnen stirbt. 4-Der Vater hat das Recht, der Ehefrau oder den Kindern eine Sterbeurkunde auszustellen, wenn eines von ihnen stirbt. 5-Die Mutter hat das Recht, für ihren Ehemann oder ihre Kinder eine Sterbeurkunde auszustellen, wenn eines von ihnen stirbt. 6- Der Arbeitgeber hat das Recht, für die beiden erwerbstätigen Bewohner eine Sterbeurkunde auszustellen, falls einer von ihnen stirbt. 7- Die betreuende Person hat das Recht, den beiden Betreuern eine Sterbeurkunde auszustellen, falls einer von ihnen stirbt. Die Servicegebühren sind: Kostenlos."
CivilAffairs,German,Wie erfolgt die Ausstellung eines Familienregisters (für Väter)?,"Um den Dienst zur Ausstellung von Familienakten (für Väter) abzuschließen, befolgen Sie die folgenden Schritte: 1- Betreten Sie die Absher-Plattform und klicken Sie auf Personenstandsdienste > Dienste für Familienakten > Ausstellung von Familienakten (für Väter). 2- Zeigen Sie die Willkommensseite des Dienstes mit seinen Geschäftsbedingungen an. 3- Wählen Sie eine neue Anfrage. 4- Das System zeigt die Details der Familienkartei an. 5- Wählen Sie den nächsten Begünstigten. 6- Das System zeigt die in Absher registrierten Empfängeradressen an. 7- Wählen Sie den Titel und klicken Sie auf Weiter. 8- Füllen Sie den Antrag aus und zahlen Sie die Liefergebühren. 9- Eine Referenznummer wird erstellt und der Antrag wird gespeichert. Zu den Anforderungen und Dokumenten gehören: Zahlung der unbezahlten Geldstrafen des Begünstigten an die Zivilstandsbehörde, falls vorhanden. Die Servicegebühren sind: je nach Service variabel."
General,German,Wie registriere ich eine nationale Adresse?,So registrieren Sie eine nationale Adresse: 1- Melden Sie sich auf der Absher- oder SPL-Website an. 2- Wählen Sie „Nationale Adressregistrierung“. 3- Wählen Sie „Neue Registrierung“. 4- Suchen Sie Ihr Gebäude auf der Karte oder geben Sie die Details manuell ein. 5- Bestätigen und speichern. Gebühren: Kostenlos für Einzelpersonen.
MOI,German,Welche Verfahren gelten für die Zustellung von Dokumenten?,"Um den Dokumentenlieferdienst abzuschließen, führen Sie die folgenden Schritte aus: 1- Melden Sie sich auf der Website der Absher-Plattform an 2- Wählen Sie elektronische Dienste 3- Wählen Sie die Zustellung von Dokumenten per Post 4- Wählen Sie die Art des zuzustellenden Dokuments Überprüfen Sie die Daten und bestätigen Sie die nationale Adresse 5- Bezahlen Sie die Liefergebühren 6- Senden Sie die Anfrage. Zu den Anforderungen und Dokumenten gehören: 1- Der Begünstigte muss über eine digitale Identität auf der Absher-Plattform verfügen. 2- Verfügbarkeit einer korrekten und aktualisierten nationalen Adresse im Konto des Begünstigten. 3- Bezahlen Sie die Liefergebühren. Die Servicegebühren sind: Kostenlos."
MOI,German,Welche Verfahren gibt es für einen Sicherheitsbericht?,"Um den Sicherheitsberichtsdienst abzuschließen, führen Sie die folgenden Schritte aus: 1- Melden Sie sich bei der Anwendung an 2- Wählen Sie die Berichtsklassifizierung 3- Wählen Sie die Unterkategorie 4- Fügen Sie die Beschreibung und Anhänge hinzu und senden Sie den Bericht. Zu den Anforderungen und Dokumenten gehören: 1- Melden Sie sich mit Ihrem Ausweis oder Ihrer Wohnsitznummer an. 2- Reichen Sie einen Bericht ein und bestätigen Sie die Gültigkeit der Informationen. Die Servicegebühr beträgt: Kostenlos."
MOI,German,Welche Verfahren gibt es für die Meldung eines aufzeichnungsfreien Zertifikats?,"Führen Sie die folgenden Schritte aus, um den Zertifikatsberichtsdienst „No-Past-the-Fact“ abzuschließen: 1- Melden Sie sich bei der Absher-Plattform an. 2- Wählen Sie meine Dienste. 3- Öffentliche Dienstleistungen. 4- Absher-Berichte. 5- Fordern Sie einen Bericht an. 6- Wählen Sie die Option, ein aufzeichnungsfreies Zertifikat anzufordern. 7- Geben Sie Ihre ID-Nummer und Ihr Geburtsdatum ein. 8- Zahlung der finanziellen Gebühren für die Dienstleistung. 9- Sehen Sie sich das Zertifikat an und drucken Sie es aus. Zu den Anforderungen und Dokumenten gehören: 1- Dass die Person, nach der gefragt werden soll, über ein aktives Konto bei Absher verfügen muss. 2- Die gesuchte Person muss beim Innenministerium einen Fingerabdruck abgeben, um die Bearbeitung des Antrags auf eine eindeutige Aktenbescheinigung abzuschließen. Die Servicegebühren sind: je nach Service variabel."
MOI,German,Was sind die Verfahren des persönlichen Assistenten?,"Um den persönlichen Assistenzdienst abzuschließen, befolgen Sie die folgenden Schritte: Unterstützen Sie Gehörlose und Stumme. Rufen Sie die Homepage der Website der Absher Individual-Plattform auf. Wählen Sie unten auf der Seite das Symbol (Unterstützung der Gebärdensprache). Wählen Sie den Absher-Leitfaden in Gebärdensprache oder die direkte Unterstützung in Gebärdensprache. Unterstützung für Blinde: Auf den Dienst kann über die Absher-Anwendung zugegriffen werden. Öffnen Sie die Anwendung und wählen Sie das Symbol unten auf der Seite. Zu den Anforderungen und Dokumenten gehören: Herunterladen der Absher-Anwendung auf das Mobiltelefon, wenn Sie Blind Support verwenden. Aktualisieren Sie die Anwendung auf die neueste Version, um sicherzustellen, dass die Dienstprogramme effizient funktionieren. Aktivieren Sie die Barrierefreiheitseinstellungen auf dem Gerät, um von Sprachbefehlen zu profitieren. Erlauben Sie die Wiedergabe von Videodateien, wenn Sie den Gebärdensprachführer verwenden. Die Servicegebühr beträgt: Kostenlos."
Passports,German,Wie erstelle ich ein Aus- und Wiedereinreisevisum?,So stellen Sie ein Ausreise- und Wiedereinreisevisum aus: 1- Melden Sie sich bei Absher an. 2- Wählen Sie Dienste > Reisepässe > Visa-Dienste. 3- Wählen Sie den Begünstigten aus. 4- Geben Sie die Visumsdetails (Dauer) ein. 5- Bezahlen Sie die Gebühren (200 SAR für eine einfache Fahrt). 6- Bestätigen Sie die Anfrage. Voraussetzungen: Zahlung von Verkehrsstrafen und gültiger Reisepass.
Public,German,Welche Beschwerdeverfahren gibt es für Gefängnisse und Haftanstalten?,"Um den Beschwerdedienst für Gefängnisse und Haftanstalten abzuschließen, befolgen Sie die folgenden Schritte: 1- Melden Sie sich auf der Website der Absher-Plattform an 2- Wählen Sie meine Dienste aus 3- Wählen Sie Dienste aus 4- Wählen Sie Dienste der Staatsanwaltschaft 5- Wählen Sie Beschwerden für Gefängnisse und Haftanstalten 6- Füllen Sie die erforderlichen Daten aus und fügen Sie alle Belege bei. 7- Senden Sie die Anfrage und verfolgen Sie den Status der Beschwerde über die Plattform. Zu den Anforderungen und Dokumenten gehören: Der Begünstigte muss über eine digitale Identität auf der Absher-Plattform verfügen. Die Servicegebühren sind: Kostenlos."
Traffic,German,Wie läuft die Erneuerung eines Führerscheins ab?,"So erneuern Sie einen Führerschein: 1- Melden Sie sich bei Absher an. 2- Wählen Sie Dienste > Verkehr > Führerschein erneuern. 3- Wählen Sie den Lizenztyp und die Dauer aus (2, 5 oder 10 Jahre). 4- Bestätigen Sie die Daten. 5- Die Lizenz wird per Saudi Post geliefert. Voraussetzungen: Absolvieren Sie die ärztliche Untersuchung (Efada) und zahlen Sie die Gebühren."
Weapons,German,Welche Verfahren gelten für die Planung von Waffen und Sprengstoffen?,"Um den Waffen- und Sprengstoff-Terminservice abzuschließen, befolgen Sie die folgenden Schritte: 1- Melden Sie sich auf der Website der Absher-Plattform an 2- Wählen Sie meine Dienste aus 3- Wählen Sie Termine aus 4- Wählen Sie Waffen und Sprengstoffe aus 5- Wählen Sie die Art des Dienstes, die Branche und das entsprechende Datum aus 6- Bestätigen Sie die Terminreservierung. Zu den Anforderungen und Dokumenten gehören: Der Begünstigte muss über eine digitale Identität auf der Absher-Plattform verfügen. Die Servicegebühren sind: Kostenlos."
Absher,Russian,Какова процедура сброса пароля?,Для завершения услуги восстановления пароля выполните следующие действия: 1- Войдите на страницу восстановления пароля на сайте платформы Absher 2- Введите идентификационный номер или имя пользователя 3- Получите проверочный код и введите его на сайте 4- Создайте новый пароль в соответствии с указанными условиями 5- Подтвердите новый пароль. Требования и документы включают в себя: 1. Бенефициар должен иметь цифровую идентификацию на платформе Absher. 2- Предоставьте средство связи для получения кода подтверждения (номер мобильного телефона или адрес электронной почты). Плата за услугу: Бесплатно.
Absher,Russian,Каковы процедуры для цифровых документов?,"Чтобы воспользоваться услугой цифровых документов, выполните следующие действия: 1- Войдите на веб-сайт платформы Absher 2- Выберите мои услуги 3- Выберите общие услуги 4- Выберите цифровые документы 5- Просмотрите цифровые документы, доступные в учетной записи получателя. Требования и документы включают в себя: Бенефициар должен иметь цифровую идентификацию на платформе Absher. Стоимость услуги: Бесплатно."
CivilAffairs,Russian,Каковы процедуры регистрации рождения?,"Чтобы завершить услугу регистрации рождения, выполните следующие действия: 1- Войдите на платформу Absher и выберите «Услуги гражданского состояния» > «Услуга регистрации рождения». 2- Выбор новорожденного. 3- Просмотрите данные новорожденного и выберите подтверждение. 4- Система регистрирует новорожденного, и получатель переводится на страницу адресов получателей, зарегистрированную в Абшере. 5- Выберите адрес и просмотрите информацию о заработной плате. 6- Заполните заявку и оплатите стоимость доставки. 7- Создайте ссылочный номер и сохраните заявку после успешного завершения процесса оплаты. Требования и документы включают: • Завершение процедур уведомления о рождении из роддома. Плата за обслуживание: варьируется в зависимости от услуги."
CivilAffairs,Russian,Каковы процедуры восстановления национальной идентичности?,"Чтобы завершить услугу продления национального удостоверения личности, выполните следующие шаги: 1- Войдите на платформу Absher и выберите «Мои услуги» — «Услуги гражданского состояния» — «Национальные услуги удостоверения личности». 2-Отобразите приветственную страницу услуг с их условиями. 3-Выберите продление национального удостоверения личности. 4-Ребята, создайте новое фото и выберите «Далее». 5-Личная фотография автоматически проверяется на соответствие условиям, и если условия не выполняются, появляется сообщение с указанием неприменимого условия. 6-Выровняйте изображение на основе видимой модели, увеличивая и уменьшая масштаб, затем проверив и выбрав «Сохранить и продолжить». 7-Согласитесь с обещанием и выберите продолжение. 8-Выберите заголовок. 9-Просмотрите подробную информацию о стоимости услуг, подтвердите достоверность введенных данных, затем выберите «Продолжить». 10-Перейти на страницу оплаты. 11- После оплаты создается ссылочный номер и заявка сохраняется. Требования и документы включают в себя: 1- На бенефициаре отсутствуют неоплаченные штрафы по сектору гражданского состояния. 2- Недавняя личная фотография, соответствующая требованиям гражданского состояния в соответствии со следующими стандартами: 2.1- Формат: JPEG 2000 2.2- Размер: не более 1 МБ 2.3- Размеры: кратно 4×6 3- Оплата доставки удостоверения личности по доступным каналам. 4-Выплата нарушений бенефициара в Сектор гражданского состояния. 5- Подтверждение правильности введенных данных и одобрение условий при подаче заявки. 6- Активируйте обновленное национальное удостоверение личности после его получения, чтобы убедиться в его действительности. Стоимость услуги: 39."
CivilAffairs,Russian,Каков порядок выдачи свидетельства о смерти?,"Чтобы завершить услугу выдачи свидетельства о смерти, выполните следующие действия: 1- Войдите на платформу Absher - Мои услуги - Службы гражданского состояния - Услуги свидетельства о смерти 2- Выберите выдачу свидетельства о смерти 3- Отображаются отчеты о смерти, для которых не было выдано свидетельство о смерти 4- Выберите один из отчетов 5- Подтвердите подтверждение и выберите подтверждение выдачи 6- Свидетельство выдается в электронном виде. Требования и документы включают в себя: 1. Для выдачи свидетельства о смерти необходимо уведомить о смерти больницу, в которой наступила смерть. 2- Отношения между пользователем, желающим выдать свидетельство о смерти, и умершим должны быть одним из следующих. 3. Дети имеют право выдать отцу или матери свидетельство о смерти в случае смерти одного из них. 4-Отец имеет право выдать свидетельство о смерти жене или детям, если один из них умирает. 5-Мать имеет право выдать свидетельство о смерти мужа или детей в случае смерти одного из них. 6- Работодатель имеет право выдать свидетельство о смерти двух работающих жителей в случае смерти одного из них. 7. Лицо, осуществляющее опеку, имеет право выдать свидетельство о смерти двум опекунам в случае смерти одного из них. Стоимость услуги: Бесплатно."
CivilAffairs,Russian,Каков порядок оформления семейного реестра (для отцов)?,"Чтобы завершить услугу выдачи семейных записей (для отцов), выполните следующие шаги: 1- Войдите на платформу Absher и нажмите «Услуги гражданского состояния» > «Услуги семейных записей» > «Выдача семейных записей» (для отцов). 2- Отобразите приветственную страницу услуги с ее условиями. 3- Выберите новый запрос. 4- Система отображает данные семейной карты. 5- Выберите следующего бенефициара. 6- Система отображает адреса получателей, зарегистрированные в Абшере. 7- Выберите заголовок и нажмите «Далее». 8- Заполните заявку и оплатите стоимость доставки. 9- Создается ссылочный номер, и заявка сохраняется. Требования и документы включают: Оплата неоплаченных штрафов бенефициара в Сектор гражданского состояния, если таковые имеются. Плата за обслуживание: варьируется в зависимости от услуги."
General,Russian,Как зарегистрировать Национальный адрес?,Чтобы зарегистрировать национальный адрес: 1- Войдите на сайт Absher или SPL. 2- Выберите «Регистрация национального адреса». 3- Выберите «Новая регистрация». 4- Найдите свое здание на карте или введите данные вручную. 5- Подтвердите и сохраните. Стоимость: бесплатно для физических лиц.
MOI,Russian,Каков порядок доставки документов?,"Чтобы воспользоваться услугой доставки документов, выполните следующие действия: 1- Войдите на сайт платформы Absher 2- Выберите электронные услуги 3- Выберите доставку документов по почте 4- Выберите тип доставляемого документа Проверьте данные и подтвердите национальный адрес 5- Оплатите стоимость доставки 6- Отправьте запрос. Требования и документы включают в себя: 1. Бенефициар должен иметь цифровую идентификацию на платформе Absher. 2- Наличие правильного и обновленного национального адреса в учетной записи получателя. 3- Оплатите стоимость доставки. Стоимость услуги: Бесплатно."
MOI,Russian,Каковы процедуры составления отчета о безопасности?,"Чтобы завершить работу службы отчетов о безопасности, выполните следующие действия: 1. Войдите в приложение. 2. Выберите классификацию отчета. 3. Выберите подкатегорию. 4. Добавьте описание и вложения и отправьте отчет. Требования и документы включают в себя: 1- Войдите в систему, указав свой идентификатор или номер проживания. 2- Отправьте отчет и подтвердите достоверность информации. Стоимость услуги: Бесплатно."
MOI,Russian,Каковы процедуры сообщения о сертификате отсутствия записей?,"Чтобы завершить работу службы отчетов о сертификатах, не имеющих прошлого факта, выполните следующие действия: 1- Войдите на платформу Absher. 2- Выберите мои услуги. 3- Государственные услуги. 4- сообщает Абшер. 5- Запросить отчет. 6- Выберите запрос сертификата без записей. 7- Введите свой идентификационный номер и дату рождения. 8- Оплата финансовых сборов за услугу. 9- Просмотрите и распечатайте сертификат. Требования и документы включают в себя: 1- Лицо, о котором спрашивают, должно иметь активную учетную запись в Absher. 2- Запрашиваемое лицо должно иметь отпечатки пальцев в Министерстве внутренних дел для завершения обработки запроса на получение сертификата ясной записи. Плата за обслуживание: варьируется в зависимости от услуги."
MOI,Russian,Каковы процедуры личного помощника?,"Чтобы воспользоваться услугой личного помощника, выполните следующие действия: Поддержите глухонемых. Войдите на домашнюю страницу на веб-сайте индивидуальной платформы Absher. Выберите значок (поддержка языка жестов) внизу страницы. Выберите руководство Absher на языке жестов или прямую поддержку языка жестов. Поддержка незрячих: Доступ к услуге возможен через приложение Absher. Откройте приложение и выберите значок внизу страницы. Требования и документы включают в себя: Загрузка приложения Absher на мобильный телефон при использовании слепой поддержки. Обновите приложение до последней версии, чтобы обеспечить эффективную работу утилит. Активируйте настройки специальных возможностей на устройстве, чтобы использовать голосовые команды. Разрешить воспроизведение видеофайлов при использовании руководства по языку жестов. Стоимость услуги: Бесплатно."
Passports,Russian,Как оформить выездную и повторную визу?,Чтобы оформить выездную и повторную визу: 1- Войдите в Absher. 2- Выберите «Услуги» > «Паспорта» > «Визовые услуги». 3- Выберите бенефициара. 4- Введите данные визы (срок действия). 5- Оплатите сборы (200 саудовских риялов за одну поездку). 6- Подтвердите запрос. Требования: Оплата штрафов ГИБДД и действительный паспорт.
Public,Russian,Каковы процедуры подачи жалоб в тюрьмах и центрах содержания под стражей?,"Чтобы воспользоваться услугой рассмотрения жалоб в тюрьмах и центрах содержания под стражей, выполните следующие действия: 1. Войдите на веб-сайт платформы Absher. 2. Выберите мои услуги. 3. Выберите услуги. 4. Выберите службы прокуратуры. 5. Выберите жалобы в тюрьме и центре содержания под стражей. 6. Заполните необходимые данные и прикрепите все подтверждающие документы. 7. Отправьте запрос и следите за статусом жалобы через платформу. Требования и документы включают в себя: Бенефициар должен иметь цифровую идентификацию на платформе Absher. Стоимость услуги: Бесплатно."
Traffic,Russian,Какова процедура продления водительских прав?,"Чтобы продлить водительские права: 1- Войдите в Absher. 2- Выберите «Сервисы» > «Трафик» > «Продлить водительские права». 3- Выберите тип лицензии и срок действия (2, 5 или 10 лет). 4- Подтвердите данные. 5. Лицензия будет доставлена ​​почтой Саудовской Аравии. Требования: Пройдите медицинский осмотр (Efada) и оплатите сборы."
Weapons,Russian,Каковы процедуры регистрации оружия и взрывчатых веществ?,"Чтобы завершить услугу записи на оружие и взрывчатку, выполните следующие действия: 1- Войдите на сайт платформы Absher 2- Выберите мои услуги 3- Выберите встречу 4- Выберите оружие и взрывчатку 5- Выберите тип услуги, филиал и соответствующую дату 6- Подтвердите запись на встречу. Требования и документы включают в себя: Бенефициар должен иметь цифровую идентификацию на платформе Absher. Стоимость услуги: Бесплатно."
Absher,Spanish,¿Cuál es el procedimiento de restablecimiento de contraseña?,"Para completar el servicio de regeneración de contraseña, siga los siguientes pasos: 1- Ingrese a la página de regeneración de contraseña en el sitio web de la plataforma Absher 2- Ingrese el número de identificación o nombre de usuario 3- Reciba el código de verificación e ingréselo en el sitio 4- Cree una nueva contraseña de acuerdo con las condiciones especificadas 5- Confirme la nueva contraseña. Los requisitos y documentos incluyen: 1- El beneficiario debe contar con una identidad digital en la plataforma Absher. 2- Proporcionar un medio de comunicación para recibir el código de verificación (número de móvil o correo electrónico)... Las tarifas del servicio son: Gratis."
Absher,Spanish,¿Cuáles son los trámites para los documentos digitales?,Para completar el servicio de documentos digitales siga los siguientes pasos: 1- Ingresar al sitio web de la plataforma Absher 2- Elegir mis servicios 3- Elegir servicios generales 4- Elegir documentos digitales 5- Revisar los documentos digitales disponibles en la cuenta del beneficiario. Los requisitos y documentos incluyen: El beneficiario debe contar con una identidad digital en la plataforma Absher. Las tarifas del servicio son: Gratuitas.
CivilAffairs,Spanish,¿Cuáles son los procedimientos de inscripción de nacimiento?,"Para completar el servicio de registro de nacimiento, siga los siguientes pasos: 1- Ingrese a la plataforma Absher y seleccione Servicios de Estado Civil > Servicio de Registro de Nacimiento. 2- Elegir al recién nacido. 3- Revisa los datos del recién nacido y elige confirmación. 4- El sistema registra al recién nacido y el beneficiario es transferido a la página de direcciones de beneficiarios registrada en Absher. 5- Elija la dirección y vea los detalles del salario. 6- Complete la solicitud y pague los gastos de envío. 7- Cree un número de referencia y guarde la solicitud después de que el proceso de pago sea exitoso. Los requisitos y documentos incluyen: • Realizar los trámites de notificación del nacimiento desde el hospital. Las tarifas del servicio son: variables dependiendo del servicio."
CivilAffairs,Spanish,¿Cuáles son los procedimientos para renovar la identidad nacional?,"Para completar el servicio de renovación de DNI, siga los siguientes pasos: 1- Ingrese a la plataforma Absher y elija Mis Servicios - Servicios de Estado Civil - Servicios de DNI. 2-Mostrar la página de bienvenida a los servicios con sus términos y condiciones. 3-Elegir renovar el DNI. 4-Chicos, nueva foto y eligen Siguiente. 5-Se verifica que la foto personal cumple con las condiciones automáticamente, y si no se cumplen las condiciones aparece un mensaje indicando la condición no aplicable. 6-Alinee la imagen según el modelo visible acercándose y alejándose, luego marque y elija Guardar y continuar. 7-Acepta el compromiso y elige continuar. 8-Elige el título. 9-Ver el detalle de las tarifas del servicio, confirmar la validez de los datos ingresados ​​y luego elegir Continuar. 10-Pasar a la página de pago. 11- Luego del pago se crea un número de referencia y se guarda la solicitud. Los requisitos y documentos incluyen: 1- No existen multas impagas al beneficiario para el Sector de Estado Civil. 2- Una fotografía personal reciente que cumpla con los requisitos del estado civil según los siguientes estándares: 2.1- Formato: JPEG 2000 2.2- Tamaño: no mayor a 1MB 2.3- Dimensiones: múltiplos de 4×6 3- Pago de los gastos de envío del DNI a través de los canales disponibles. 4-Pago de las violaciones del beneficiario al Sector de Estado Civil. 5- Un reconocimiento de la veracidad de los datos ingresados ​​y la aprobación de las condiciones durante la presentación de la solicitud. 6- Activar el DNI renovado después de recibirlo para asegurar su validez. La tarifa del servicio es: 39."
CivilAffairs,Spanish,¿Cuáles son los procedimientos para emitir un certificado de defunción?,"Para completar el servicio de emisión de certificado de defunción siga los siguientes pasos: 1- Ingrese a la plataforma Absher - Mis Servicios - Servicios de Estado Civil - Servicios de certificado de defunción 2- Elija emitir un certificado de defunción 3- Se muestran los informes de defunción para los cuales no se ha emitido ningún certificado de defunción 4- Elija uno de los informes 5- Apruebe el acuse y elija confirmar emisión 6- El certificado se emite electrónicamente. Los requisitos y documentos incluyen: 1- Para expedir un certificado de defunción, el fallecimiento debe haber sido notificado por el hospital donde ocurrió el fallecimiento. 2- La relación entre el usuario que desea emitir un certificado de defunción y el fallecido debe ser una de las siguientes. 3- Los hijos tienen derecho a expedir un certificado de defunción al padre o a la madre si uno de ellos fallece. 4-El padre tiene derecho a expedir un certificado de defunción a la esposa o a los hijos si uno de ellos fallece. 5-La madre tiene derecho a expedir un certificado de defunción de su marido o de sus hijos si uno de ellos fallece. 6- El empleador tiene derecho a expedir un certificado de defunción para los dos residentes trabajadores en caso de que uno de ellos fallezca. 7- La persona que tiene la custodia tiene derecho a expedir un certificado de defunción a los dos custodios en caso de que uno de ellos fallezca. Las tarifas del servicio son: Gratuitas."
CivilAffairs,Spanish,¿Cuáles son los procedimientos para expedir un registro de familia (para padres)?,"Para completar el servicio de emisión de registros familiares (para padres), siga los siguientes pasos: 1- Ingrese a la plataforma Absher y haga clic en Servicios de Estado Civil > Servicios de Registro Familiar > Emisión de Registros Familiares (para padres). 2- Mostrar la página de bienvenida del servicio con sus términos y condiciones. 3- Elija una nueva solicitud. 4- El sistema muestra los datos de la tarjeta de familia. 5- Elige el próximo beneficiario. 6- El sistema muestra los domicilios de los beneficiarios registrados en Absher. 7- Elige el título y haz clic en Siguiente. 8- Completar la solicitud y pagar los gastos de envío 9- Se crea un número de referencia y se guarda la solicitud. Los requisitos y documentos incluyen: Pago de las multas impagas del beneficiario al Sector de Estado Civil, si las hubiere. Las tarifas del servicio son: variables dependiendo del servicio."
General,Spanish,¿Cómo registrar una Dirección Nacional?,Para registrar una dirección nacional: 1- Inicie sesión en el sitio web de Absher o SPL. 2- Seleccione 'Registro de Dirección Nacional'. 3- Seleccione 'Nuevo registro'. 4- Ubique su edificio en el mapa o ingrese los detalles manualmente. 5- Confirma y guarda. Tarifas: Gratis para particulares.
MOI,Spanish,¿Cuáles son los procedimientos para la entrega de documentos?,Para completar el servicio de entrega de documentos siga los siguientes pasos: 1- Inicie sesión en el sitio web de la plataforma Absher 2- Elija servicios electrónicos 3- Elija entregar documentos por correo 4- Elija el tipo de documento a entregar Revisar los datos y confirmar la dirección nacional 5- Pagar los gastos de envío 6- Enviar la solicitud. Los requisitos y documentos incluyen: 1- El beneficiario debe contar con una identidad digital en la plataforma Absher. 2- Disponibilidad de una dirección nacional correcta y actualizada en la cuenta del beneficiario. 3- Paga los gastos de envío. Las tarifas del servicio son: Gratuitas.
MOI,Spanish,¿Cuáles son los procedimientos para un informe de seguridad?,"Para completar el servicio de informes de seguridad, siga los siguientes pasos: 1- Inicie sesión en la aplicación 2- Elija la clasificación del informe 3- Elija la subcategoría 4- Agregue la descripción y los archivos adjuntos y envíe el informe. Los requisitos y documentos incluyen: 1- Inicia sesión con tu DNI o número de residencia. 2- Presentar un informe y reconocer la validez de la información. La tarifa del servicio es: Gratis."
MOI,Spanish,¿Cuáles son los procedimientos para reportar un certificado libre de registros?,"Para completar el servicio de informe de certificados no pasados, siga los siguientes pasos: 1- Inicie sesión en la plataforma Absher. 2- Elige mis servicios. 3- Servicios públicos. 4- Informes Absher. 5- Solicitar un informe. 6- Elige solicitar un certificado sin registro. 7- Introduce tu número de DNI y fecha de nacimiento. 8- Pago de los honorarios económicos del servicio. 9- Ver e imprimir el certificado. Los requisitos y documentos incluyen: 1- Que la persona a consultar debe tener una cuenta activa en Absher. 2- La persona requerida deberá disponer de su huella dactilar en el Ministerio del Interior para completar la tramitación de la solicitud de certificado de antecedentes penales. Las tarifas del servicio son: variables dependiendo del servicio."
MOI,Spanish,¿Cuáles son los procedimientos del asistente personal?,Para completar el servicio de asistente personal sigue los siguientes pasos: Apoyo a personas sordas y mudas. Ingrese a la página de inicio en el sitio web de la plataforma Absher Individual. Elija el ícono (compatibilidad con lenguaje de señas) en la parte inferior de la página. Elija guía Abher en lengua de signos o soporte directo en lengua de signos. Apoyo a personas ciegas: Se puede acceder al servicio a través de la aplicación Absher. Abra la aplicación y elija el ícono en la parte inferior de la página. Los requisitos y documentos incluyen: Descargar la aplicación Absher en el teléfono móvil si usa Blind Support. Actualice la aplicación a la última versión para garantizar que las utilidades funcionen de manera eficiente. Active la configuración de Accesibilidad en el dispositivo para beneficiarse de los comandos de voz. Permitir la reproducción de archivos de video cuando se utiliza la guía de lenguaje de señas. La tarifa del servicio es: Gratis.
Passports,Spanish,¿Cómo puedo emitir una visa de salida y reingreso?,Para emitir una visa de salida y reingreso: 1- Inicie sesión en Absher. 2- Seleccione Servicios > Pasaportes > Servicios de Visa. 3- Selecciona el beneficiario. 4- Ingrese los detalles de la visa (duración). 5- Pagar las tasas (200 SAR por viaje sencillo). 6- Confirmar la solicitud. Requisitos: Pago de multas de tránsito y pasaporte vigente.
Public,Spanish,¿Cuáles son los procedimientos de quejas para prisiones y centros de detención?,Para completar el servicio de denuncias de prisiones y centros de detención siga los siguientes pasos: 1- Iniciar sesión en el sitio web de la plataforma Absher 2- Elegir mis servicios 3- Elegir servicios 4- Elegir servicios del Ministerio Público 5- Elegir denuncias de prisiones y centros de detención 6- Completar los datos requeridos y adjuntar los documentos de respaldo 7- Enviar la solicitud y dar seguimiento al estado de la denuncia a través de la plataforma. Los requisitos y documentos incluyen: El beneficiario debe contar con una identidad digital en la plataforma Absher. Las tarifas del servicio son: Gratuitas.
Traffic,Spanish,¿Cuál es el procedimiento para renovar el permiso de conducir?,"Para renovar un permiso de conducir: 1- Inicie sesión en Absher. 2- Seleccione Servicios > Tráfico > Renovar permiso de conducir. 3- Seleccione el tipo de licencia y la duración (2, 5 o 10 años). 4- Confirma los datos. 5- La licencia se entregará a través de Saudi Post. Requisitos: Realizar el examen médico (Efada) y pagar los honorarios."
Weapons,Spanish,¿Cuáles son los procedimientos para catalogar armas y explosivos?,"Para completar el servicio de citas de armas y explosivos sigue los siguientes pasos: 1- Iniciar sesión en el sitio web de la plataforma Absher 2- Elegir mis servicios 3- Elegir citas 4- Elegir armas y explosivos 5- Seleccionar el tipo de servicio, sucursal y fecha adecuada 6- Confirmar la reserva de cita. Los requisitos y documentos incluyen: El beneficiario debe contar con una identidad digital en la plataforma Absher. Las tarifas del servicio son: Gratuitas."
Absher,Urdu,پاس ورڈ کو دوبارہ ترتیب دینے کا طریقہ کار کیا ہے؟,پاس ورڈ کی تخلیق نو کی خدمت کو مکمل کرنے کے لئے ، درج ذیل مراحل پر عمل کریں: 1- ABSHER پلیٹ فارم ویب سائٹ پر پاس ورڈ کی تخلیق نو کا صفحہ درج کریں 2- ID نمبر یا صارف کا نام 3 درج کریں 3- تصدیقی کوڈ وصول کریں اور سائٹ پر داخل کریں 4- مخصوص شرائط کے مطابق ایک نیا پاس ورڈ بنائیں 5- نئے پاس ورڈ کی تصدیق کریں۔ تقاضوں اور دستاویزات میں شامل ہیں: 1- فائدہ اٹھانے والے کے پاس ABSHER پلیٹ فارم پر ڈیجیٹل شناخت ہونی چاہئے۔ 2- تصدیقی کوڈ (موبائل نمبر یا ای میل) حاصل کرنے کے لئے مواصلات کا ایک ذریعہ فراہم کریں ... سروس فیس یہ ہیں: مفت۔
Absher,Urdu,ڈیجیٹل دستاویزات کے طریقہ کار کیا ہیں؟,ڈیجیٹل دستاویزات کی خدمت کو مکمل کرنے کے لئے ، مندرجہ ذیل اقدامات پر عمل کریں: 1- ABSHER پلیٹ فارم کی ویب سائٹ 2 میں لاگ ان کریں۔ میری خدمات کا انتخاب کریں 3- جنرل سروسز کا انتخاب کریں 4- ڈیجیٹل دستاویزات کا انتخاب کریں 5- فائدہ اٹھانے والے کے اکاؤنٹ میں دستیاب ڈیجیٹل دستاویزات کا جائزہ لیں۔ تقاضوں اور دستاویزات میں شامل ہیں: فائدہ اٹھانے والے کے پاس ABSHER پلیٹ فارم پر ڈیجیٹل شناخت ہونی چاہئے۔ سروس فیس ہیں: مفت۔
CivilAffairs,Urdu,پیدائش کے اندراج کے طریقہ کار کیا ہیں؟,پیدائش کی رجسٹریشن سروس کو مکمل کرنے کے لئے ، درج ذیل اقدامات پر عمل کریں: 1- ABSHER پلیٹ فارم درج کریں اور سول اسٹیٹس سروسز> پیدائش رجسٹریشن سروس کا انتخاب کریں۔ 2- نوزائیدہ کو منتخب کرنا۔ 3- نوزائیدہ کے ڈیٹا کا جائزہ لیں اور تصدیق کا انتخاب کریں۔ 4- یہ نظام نوزائیدہ کو رجسٹر کرتا ہے ، اور فائدہ اٹھانے والے کو ABSHER میں رجسٹرڈ فائدہ اٹھانے والے ایڈریس پیج میں منتقل کیا جاتا ہے۔ 5- پتہ منتخب کریں اور اجرت کی تفصیلات دیکھیں۔ 6- درخواست مکمل کریں اور ترسیل کی فیس ادا کریں۔ 7- ادائیگی کے عمل کے کامیاب ہونے کے بعد ایک ریفرنس نمبر بنائیں اور درخواست کو محفوظ کریں۔ تقاضوں اور دستاویزات میں شامل ہیں: speat اسپتال سے پیدائش کو مطلع کرنے کے طریقہ کار کو مکمل کرنا۔ خدمت کی فیس یہ ہیں: خدمت کے لحاظ سے متغیر۔
CivilAffairs,Urdu,قومی شناخت کی تجدید کے طریقہ کار کیا ہیں؟,قومی ID تجدید خدمات کو مکمل کرنے کے لئے ، درج ذیل اقدامات پر عمل کریں: 1- ABSHER پلیٹ فارم درج کریں اور میری خدمات منتخب کریں - سول اسٹیٹس سروسز - قومی شناختی خدمات۔ 2 ڈسپلے خدمات کے لئے اس کی شرائط و ضوابط کے ساتھ خوش آمدید صفحہ۔ قومی شناخت کی تجدید کے لئے 3-انتخاب۔ 4 گوز ، نئی تصویر اور اگلی منتخب کریں۔ 5- ذاتی تصویر کو خود بخود حالات کو پورا کرنے کے لئے تصدیق کی جاتی ہے ، اور اگر حالات پوری نہیں ہوتے ہیں تو ، ایک پیغام نظر نہیں آتا ہے جس میں غیر لاگو حالت کی نشاندہی ہوتی ہے۔ 6 زوم ان اور آؤٹ کے ذریعہ مرئی ماڈل کی بنیاد پر شبیہہ کو سیدھا کریں ، پھر چیکنگ اور منتخب کریں اور محفوظ کریں اور جاری رکھیں۔ عہد کے لئے 7-gree اور جاری رکھنے کا انتخاب کریں۔ 8-choose عنوان. 9- دیکھیں سروس فیس کی تفصیلات ، داخل کردہ ڈیٹا کی صداقت کی تصدیق کریں ، پھر جاری رکھیں منتخب کریں۔ ادائیگی کے صفحے پر 10-موو۔ 11- ادائیگی کے بعد ، ایک حوالہ نمبر تیار کیا جاتا ہے اور درخواست کو بچایا جاتا ہے .. تقاضوں اور دستاویزات میں شامل ہیں: 1- سول اسٹیٹس کے شعبے کے لئے فائدہ اٹھانے والے پر کوئی معاوضہ جرمانے نہیں ہیں۔ 2- مندرجہ ذیل معیارات کے مطابق شہری حیثیت کی ضروریات کے مطابق ایک حالیہ ذاتی تصویر: 2.1- فارمیٹ: جے پی ای جی 2000 2.2- سائز: 1MB 2.3 سے زیادہ نہیں- طول و عرض: 4 × 6 کے ضرب 4 × 6 3- دستیاب چینلز کے ذریعے ID کی ترسیل کی فیس کی ادائیگی۔ 4 سے فائدہ اٹھانے والے کی خلاف ورزیوں کو شہری حیثیت کے شعبے میں ادا کرنا۔ 5- درخواست جمع کروانے کے دوران درج کردہ اعداد و شمار کی درستگی کا اعتراف اور حالات کی منظوری۔ 6- اس کی صداقت کو یقینی بنانے کے ل acceived اس کے موصول ہونے کے بعد تجدید شدہ نیشنل شناختی کارڈ کو چالو کریں۔ سروس فیس ہے: 39۔
CivilAffairs,Urdu,موت کا سرٹیفکیٹ جاری کرنے کے طریقہ کار کیا ہیں؟,ڈیتھ سرٹیفکیٹ جاری کرنے کی خدمت کو مکمل کرنے کے لئے ، مندرجہ ذیل اقدامات پر عمل کریں: 1- ABSHER پلیٹ فارم درج کریں- میری خدمات- سول اسٹیٹس سروسز- ڈیتھ سرٹیفکیٹ سروسز 2- ڈیتھ سرٹیفکیٹ 3- ڈیتھ رپورٹس جاری کرنے کا انتخاب کریں- جس کے لئے کوئی موت کا سرٹیفکیٹ جاری نہیں کیا گیا ہے 4- رپورٹ میں سے ایک کا انتخاب کریں 5- تسلسل کی تصدیق کریں اور جاری کردہ سرٹیفکیٹ کو الیکٹران سے جاری کیا گیا ہے۔ تقاضوں اور دستاویزات میں شامل ہیں: 1- موت کا سرٹیفکیٹ جاری کرنے کے لئے ، موت کو اسپتال کے ذریعہ مطلع کیا گیا ہوگا جہاں موت واقع ہوئی ہے۔ 2- صارف کے مابین جو تعلقات موت کا سرٹیفکیٹ جاری کرنا چاہتے ہیں اور متوفی کو مندرجہ ذیل میں سے ایک ہونا چاہئے۔ 3- بچوں کو یہ حق حاصل ہے کہ وہ باپ یا ماں کو موت کا سرٹیفکیٹ جاری کریں اگر ان میں سے ایک کی موت ہو جائے۔ 4- باپ کو یہ حق ہے کہ وہ بیوی یا بچوں کو موت کا سرٹیفکیٹ جاری کریں اگر ان میں سے ایک کی موت ہو جائے۔ 5- ماں کو یہ حق ہے کہ وہ اپنے شوہر یا بچوں کے لئے موت کا سرٹیفکیٹ جاری کرے اگر ان میں سے ایک کی موت ہو جائے۔ 6- آجر کو یہ حق حاصل ہے کہ وہ ان دو کام کرنے والے رہائشیوں کے لئے ڈیتھ سرٹیفکیٹ جاری کرے جب ان میں سے ایک کی موت ہو۔ 7- حراستی فرد کو یہ حق حاصل ہے کہ وہ ان دو متولیوں کو موت کا سرٹیفکیٹ جاری کرے جب ان میں سے ایک کی موت ہو۔ سروس فیس ہیں: مفت۔
CivilAffairs,Urdu,فیملی رجسٹر جاری کرنے کے طریقہ کار کیا ہیں (باپوں کے لئے)؟,فیملی ریکارڈ جاری کرنے کی خدمت کو مکمل کرنے کے لئے (باپوں کے لئے) ، مندرجہ ذیل اقدامات پر عمل کریں: 1- ABSHER پلیٹ فارم درج کریں اور سول اسٹیٹس سروسز> فیملی ریکارڈ سروسز> فیملی ریکارڈ جاری کرنے (باپوں کے لئے) پر کلک کریں۔ 2- خدمت کے لئے اس کی شرائط و ضوابط کے ساتھ استقبال کا صفحہ دکھائیں۔ 3- ایک نئی درخواست کا انتخاب کریں۔ 4- سسٹم فیملی ریکارڈ کارڈ کی تفصیلات دکھاتا ہے۔ 5- اگلے فائدہ اٹھانے والے کا انتخاب کریں۔ 6- سسٹم ABSHER میں رجسٹرڈ فائدہ اٹھانے والے پتے دکھاتا ہے۔ 7- عنوان منتخب کریں اور اگلا پر کلک کریں۔ 8- درخواست کو مکمل کریں اور ترسیل کی فیس ادا کریں 9- ایک حوالہ نمبر تیار کیا گیا ہے اور درخواست کو محفوظ کیا گیا ہے .. تقاضوں اور دستاویزات میں شامل ہیں: فائدہ اٹھانے والے کے بغیر معاوضہ جرمانے کی ادائیگی سول اسٹیٹس کے شعبے میں ، اگر کوئی ہے۔ خدمت کی فیس یہ ہیں: خدمت کے لحاظ سے متغیر۔
General,Urdu,قومی پتہ کیسے رجسٹر کریں؟,قومی ایڈریس کو رجسٹر کرنے کے لئے: 1- ABSHER یا SPL ویب سائٹ پر لاگ ان کریں۔ 2- 'قومی ایڈریس رجسٹریشن' منتخب کریں۔ 3- 'نئی رجسٹریشن' منتخب کریں۔ 4- نقشہ پر اپنی عمارت کا پتہ لگائیں یا دستی طور پر تفصیلات درج کریں۔ 5- تصدیق اور محفوظ کریں۔ فیس: افراد کے لئے مفت۔
MOI,Urdu,دستاویزات کی فراہمی کے طریقہ کار کیا ہیں؟,دستاویز کی ترسیل کی خدمت کو مکمل کرنے کے لئے ، مندرجہ ذیل اقدامات پر عمل کریں: 1- ABSHER پلیٹ فارم کی ویب سائٹ 2 میں لاگ ان کریں۔ الیکٹرانک خدمات کا انتخاب کریں 3- میل کے ذریعہ دستاویزات کی فراہمی کا انتخاب کریں۔ دستاویزات کی فراہمی کے لئے دستاویزات کا انتخاب کریں اور قومی ایڈریس 5 کی تصدیق کریں- ترسیل کی فیس 6- درخواست بھیجیں۔ تقاضوں اور دستاویزات میں شامل ہیں: 1- فائدہ اٹھانے والے کے پاس ABSHER پلیٹ فارم پر ڈیجیٹل شناخت ہونی چاہئے۔ 2- فائدہ اٹھانے والے کے اکاؤنٹ میں صحیح اور تازہ ترین قومی پتے کی دستیابی۔ 3- ترسیل کی فیس ادا کریں۔ سروس فیس ہیں: مفت۔
MOI,Urdu,سیکیورٹی رپورٹ کے طریقہ کار کیا ہیں؟,سیکیورٹی رپورٹ سروس کو مکمل کرنے کے لئے ، مندرجہ ذیل اقدامات پر عمل کریں: 1- درخواست میں لاگ ان کریں 2- رپورٹ کی درجہ بندی کا انتخاب کریں 3- ذیلی زمرے 4 کا انتخاب کریں 4- تفصیل اور منسلکات شامل کریں اور رپورٹ بھیجیں۔ تقاضوں اور دستاویزات میں شامل ہیں: 1- اپنے ID یا رہائشی نمبر کے ساتھ سائن ان کریں۔ 2- ایک رپورٹ جمع کروائیں اور معلومات کی صداقت کو تسلیم کریں۔ سروس فیس ہے: مفت۔
MOI,Urdu,ریکارڈ فری سرٹیفکیٹ کی اطلاع دہندگی کے طریقہ کار کیا ہیں؟,بغیر کسی پیسٹ-فیکٹ سرٹیفکیٹ رپورٹ سروس کو مکمل کرنے کے لئے ، درج ذیل اقدامات پر عمل کریں: 1- ABSHER پلیٹ فارم میں لاگ ان کریں۔ 2- میری خدمات کا انتخاب کریں۔ 3- عوامی خدمات۔ 4- ABSHER رپورٹس۔ 5- ایک رپورٹ کی درخواست کریں۔ 6- ریکارڈ فری سرٹیفکیٹ کی درخواست کرنے کا انتخاب کریں۔ 7- اپنا شناختی نمبر اور تاریخ پیدائش درج کریں۔ 8- خدمت کے لئے مالی فیسوں کی ادائیگی۔ 9- سرٹیفکیٹ دیکھیں اور پرنٹ کریں .. تقاضوں اور دستاویزات میں شامل ہیں: 1- کہ جس شخص کے بارے میں استفسار کیا جائے اس کے پاس ABSHER میں ایک فعال اکاؤنٹ ہونا ضروری ہے۔ 2- مطلوبہ شخص کے پاس وزارت داخلہ میں فنگر پرنٹ ہوگا تاکہ واضح ریکارڈ سرٹیفکیٹ کے لئے درخواست کی پروسیسنگ مکمل کی جاسکے۔ خدمت کی فیس یہ ہیں: خدمت کے لحاظ سے متغیر۔
MOI,Urdu,ذاتی اسسٹنٹ کے طریقہ کار کیا ہیں؟,ذاتی اسسٹنٹ سروس کو مکمل کرنے کے لئے ، درج ذیل اقدامات پر عمل کریں: بہرے اور گونگا کی حمایت کریں۔ ABSHER انفرادی پلیٹ فارم کی ویب سائٹ پر ہوم پیج درج کریں۔ صفحے کے نیچے (سائن لینگویج سپورٹ) آئیکن کا انتخاب کریں۔ اشارے کی زبان یا براہ راست اشارے کی زبان کی حمایت میں ABSHER گائیڈ کا انتخاب کریں۔ نابینا افراد کے لئے معاونت: ABSHER ایپلی کیشن کے ذریعہ خدمت تک رسائی حاصل کی جاسکتی ہے۔ ایپلی کیشن کو کھولیں اور صفحے کے نیچے دیئے گئے آئیکن کا انتخاب کریں .. تقاضوں اور دستاویزات میں شامل ہیں: اگر اندھے سپورٹ کا استعمال کرتے ہوئے موبائل فون پر ABSHER ایپلی کیشن ڈاؤن لوڈ کرنا۔ افادیت کو موثر انداز میں کام کرنے کے لئے ایپلی کیشن کو تازہ ترین ورژن میں اپ ڈیٹ کریں۔ صوتی کمانڈوں سے فائدہ اٹھانے کے لئے آلہ پر رسائ کی ترتیبات کو چالو کریں۔ سائن لینگویج گائیڈ کا استعمال کرتے وقت ویڈیو فائلوں کو چلانے کی اجازت دیں۔ سروس فیس ہے: مفت۔
Passports,Urdu,میں باہر نکلنے اور دوبارہ داخل کرنے کا طریقہ کیسے جاری کروں؟,باہر نکلنے اور دوبارہ داخل کرنے کا ویزا جاری کرنے کے لئے: 1- ABSHER میں لاگ ان کریں۔ 2- خدمات منتخب کریں> پاسپورٹ> ویزا خدمات۔ 3- فائدہ اٹھانے والے کو منتخب کریں۔ 4- ویزا کی تفصیلات (مدت) درج کریں۔ 5- فیس (ایک ہی سفر کے لئے 200 SAR) ادا کریں۔ 6- درخواست کی تصدیق کریں۔ تقاضے: ٹریفک جرمانے اور درست پاسپورٹ کی ادائیگی۔
Public,Urdu,جیلوں اور حراستی مراکز کے لئے شکایات کے طریقہ کار کیا ہیں؟,جیل اور حراستی مرکز کی شکایات کی خدمت کو مکمل کرنے کے لئے ، مندرجہ ذیل اقدامات پر عمل کریں: 1- ABSHER پلیٹ فارم کی ویب سائٹ 2 میں لاگ ان کریں- میری خدمات کا انتخاب کریں 3- خدمات کا انتخاب کریں 4- پبلک پراسیکیوشن سروسز کا انتخاب کریں 5- جیل اور حراستی مرکز کی شکایات کا انتخاب کریں 6- مطلوبہ اعداد و شمار کو پُر کریں اور کسی بھی معاون دستاویزات کو منسلک کریں 7- درخواست بھیجیں اور پلیٹ فارم کے ذریعے تعمیل کی حیثیت پر عمل کریں۔ تقاضوں اور دستاویزات میں شامل ہیں: فائدہ اٹھانے والے کے پاس ABSHER پلیٹ فارم پر ڈیجیٹل شناخت ہونی چاہئے۔ سروس فیس ہیں: مفت۔
Traffic,Urdu,ڈرائیونگ لائسنس کی تجدید کا طریقہ کار کیا ہے؟,ڈرائیونگ لائسنس کی تجدید کے لئے: 1- ABSHER میں لاگ ان کریں۔ 2- خدمات منتخب کریں> ٹریفک> ڈرائیونگ لائسنس کی تجدید کریں۔ 3- لائسنس کی قسم اور مدت (2 ، 5 ، یا 10 سال) منتخب کریں۔ 4- ڈیٹا کی تصدیق کریں۔ 5- لائسنس سعودی پوسٹ کے ذریعے پہنچایا جائے گا۔ تقاضے: میڈیکل امتحان (EFADA) مکمل کریں اور فیس ادا کریں۔
Weapons,Urdu,ہتھیاروں اور دھماکہ خیز مواد کو شیڈول کرنے کے طریقہ کار کیا ہیں؟,ہتھیاروں اور دھماکہ خیز مواد کی تقرری کی خدمت کو مکمل کرنے کے لئے ، مندرجہ ذیل اقدامات پر عمل کریں: 1- ABSHER پلیٹ فارم کی ویب سائٹ 2 میں لاگ ان کریں۔ میری خدمات کا انتخاب کریں 3- تقرریوں کا انتخاب کریں 4- ہتھیاروں اور دھماکہ خیز مواد کا انتخاب کریں 5- خدمت ، برانچ ، اور مناسب تاریخ کی قسم کا انتخاب کریں- تقرری کے ریزرویشن کی تصدیق کریں۔ تقاضوں اور دستاویزات میں شامل ہیں: فائدہ اٹھانے والے کے پاس ABSHER پلیٹ فارم پر ڈیجیٹل شناخت ہونی چاہئے۔ سروس فیس ہیں: مفت۔
